Subject,Condition,ListNum,Block,Recall,Direction,Jol
73,A,1,1,1,F,72
73,A,2,1,1,F,89
73,A,3,1,1,F,99
73,A,4,1,1,F,70
73,A,5,1,1,F,32
73,A,6,1,1,F,98
73,A,7,1,1,F,35
73,A,8,1,1,F,70
73,A,9,1,1,F,75
73,A,10,1,1,F,100
73,A,11,1,0,F,12
73,A,12,1,1,F,100
73,A,13,1,1,F,100
73,A,14,1,1,F,100
73,A,15,1,1,F,78
73,A,16,1,1,F,86
73,A,17,1,1,F,95
73,A,18,1,1,F,79
73,A,19,1,1,F,90
73,A,20,1,1,F,100
73,A,21,1,1,B,50
73,A,22,1,1,B,83
73,A,23,1,1,B,78
73,A,24,1,0,B,64
73,A,25,1,1,B,28
73,A,26,1,1,B,95
73,A,27,1,1,B,25
73,A,28,1,0,B,75
73,A,29,1,1,B,97
73,A,30,1,1,B,99
73,A,31,1,1,B,20
73,A,32,1,0,B,11
73,A,33,1,1,B,12
73,A,34,1,1,B,50
73,A,35,1,1,B,95
73,A,36,1,0,B,95
73,A,37,1,1,B,90
73,A,38,1,1,B,95
73,A,39,1,1,B,100
73,A,40,1,0,B,77
73,A,41,1,1,S,99
73,A,42,1,0,S,99
73,A,43,1,0,S,99
73,A,44,1,1,S,100
73,A,45,1,1,S,98
73,A,46,1,1,S,89
73,A,47,1,0,S,30
73,A,48,1,1,S,45
73,A,49,1,1,S,67
73,A,50,1,1,S,90
73,A,51,1,1,S,100
73,A,52,1,1,S,100
73,A,53,1,1,S,99
73,A,54,1,1,S,100
73,A,55,1,1,S,88
73,A,56,1,1,S,98
73,A,57,1,1,S,45
73,A,58,1,1,S,100
73,A,59,1,1,S,90
73,A,60,1,1,S,88
73,A,61,1,0,U,7
73,A,62,1,0,U,0
73,A,63,1,0,U,0
73,A,64,1,1,U,2
73,A,65,1,0,U,21
73,A,66,1,0,U,5
73,A,67,1,0,U,10
73,A,68,1,0,U,5
73,A,69,1,0,U,15
73,A,70,1,0,U,4
73,A,71,1,0,U,2
73,A,72,1,0,U,2
73,A,73,1,0,U,4
73,A,74,1,0,U,0
73,A,75,1,0,U,2
73,A,76,1,0,U,5
73,A,77,1,0,U,3
73,A,78,1,0,U,2
73,A,79,1,0,U,0
73,A,80,1,0,U,0
77,A,1,1,1,F,100
77,A,2,1,1,F,50
77,A,3,1,1,F,96
77,A,4,1,1,F,15
77,A,5,1,1,F,97
77,A,6,1,0,F,100
77,A,7,1,0,F,60
77,A,8,1,1,F,78
77,A,9,1,1,F,75
77,A,10,1,1,F,70
77,A,11,1,1,F,70
77,A,12,1,1,F,100
77,A,13,1,1,F,100
77,A,14,1,1,F,30
77,A,15,1,1,F,100
77,A,16,1,1,F,95
77,A,17,1,1,F,97
77,A,18,1,1,F,100
77,A,19,1,1,F,95
77,A,20,1,1,F,100
77,A,21,1,1,B,100
77,A,22,1,0,B,100
77,A,23,1,1,B,92
77,A,24,1,0,B,50
77,A,25,1,0,B,75
77,A,26,1,1,B,100
77,A,27,1,0,B,80
77,A,28,1,1,B,100
77,A,29,1,1,B,85
77,A,30,1,0,B,100
77,A,31,1,0,B,73
77,A,32,1,0,B,100
77,A,33,1,0,B,55
77,A,34,1,0,B,77
77,A,35,1,0,B,100
77,A,36,1,1,B,100
77,A,37,1,0,B,50
77,A,38,1,1,B,100
77,A,39,1,1,B,89
77,A,40,1,0,B,62
77,A,41,1,1,S,100
77,A,42,1,0,S,100
77,A,43,1,0,S,100
77,A,44,1,1,S,95
77,A,45,1,1,S,100
77,A,46,1,0,S,100
77,A,47,1,0,S,100
77,A,48,1,1,S,88
77,A,49,1,1,S,100
77,A,50,1,1,S,55
77,A,51,1,1,S,0
77,A,52,1,0,S,60
77,A,53,1,1,S,100
77,A,54,1,1,S,89
77,A,55,1,1,S,100
77,A,56,1,1,S,100
77,A,57,1,1,S,50
77,A,58,1,1,S,100
77,A,59,1,0,S,100
77,A,60,1,1,S,90
77,A,61,1,0,U,0
77,A,62,1,0,U,0
77,A,63,1,0,U,15
77,A,64,1,0,U,32
77,A,65,1,0,U,40
77,A,66,1,0,U,25
77,A,67,1,0,U,0
77,A,68,1,0,U,20
77,A,69,1,0,U,1
77,A,70,1,1,U,22
77,A,71,1,0,U,30
77,A,72,1,0,U,45
77,A,73,1,0,U,8
77,A,74,1,0,U,20
77,A,75,1,0,U,10
77,A,76,1,0,U,0
77,A,77,1,0,U,2
77,A,78,1,0,U,5
77,A,79,1,1,U,0
77,A,80,1,0,U,10
81,A,1,1,1,F,100
81,A,2,1,1,F,100
81,A,3,1,1,F,100
81,A,4,1,1,F,75
81,A,5,1,1,F,100
81,A,6,1,1,F,100
81,A,7,1,1,F,50
81,A,8,1,0,F,100
81,A,9,1,1,F,100
81,A,10,1,1,F,75
81,A,11,1,0,F,80
81,A,12,1,1,F,100
81,A,13,1,1,F,90
81,A,14,1,1,F,100
81,A,15,1,1,F,100
81,A,16,1,1,F,80
81,A,17,1,1,F,75
81,A,18,1,1,F,100
81,A,19,1,1,F,100
81,A,20,1,1,F,100
81,A,21,1,1,B,100
81,A,22,1,1,B,100
81,A,23,1,1,B,100
81,A,24,1,0,B,95
81,A,25,1,1,B,100
81,A,26,1,1,B,100
81,A,27,1,1,B,100
81,A,28,1,0,B,80
81,A,29,1,1,B,100
81,A,30,1,1,B,100
81,A,31,1,1,B,90
81,A,32,1,1,B,100
81,A,33,1,0,B,75
81,A,34,1,0,B,80
81,A,35,1,0,B,75
81,A,36,1,1,B,100
81,A,37,1,1,B,95
81,A,38,1,1,B,100
81,A,39,1,1,B,100
81,A,40,1,1,B,80
81,A,41,1,1,S,100
81,A,42,1,1,S,80
81,A,43,1,0,S,100
81,A,44,1,1,S,100
81,A,45,1,0,S,80
81,A,46,1,1,S,100
81,A,47,1,0,S,100
81,A,48,1,1,S,80
81,A,49,1,1,S,100
81,A,50,1,0,S,75
81,A,51,1,1,S,100
81,A,52,1,1,S,80
81,A,53,1,1,S,100
81,A,54,1,1,S,100
81,A,55,1,1,S,95
81,A,56,1,1,S,90
81,A,57,1,1,S,80
81,A,58,1,1,S,100
81,A,59,1,1,S,80
81,A,60,1,1,S,100
81,A,61,1,0,U,25
81,A,62,1,0,U,25
81,A,63,1,1,U,25
81,A,64,1,1,U,25
81,A,65,1,0,U,25
81,A,66,1,0,U,25
81,A,67,1,1,U,50
81,A,68,1,0,U,50
81,A,69,1,0,U,25
81,A,70,1,1,U,75
81,A,71,1,1,U,50
81,A,72,1,0,U,50
81,A,73,1,0,U,50
81,A,74,1,0,U,25
81,A,75,1,0,U,25
81,A,76,1,0,U,50
81,A,77,1,0,U,25
81,A,78,1,0,U,50
81,A,79,1,0,U,75
81,A,80,1,0,U,25
85,A,1,1,1,F,100
85,A,2,1,1,F,100
85,A,3,1,1,F,75
85,A,4,1,1,F,50
85,A,5,1,0,F,75
85,A,6,1,1,F,100
85,A,7,1,0,F,25
85,A,8,1,1,F,100
85,A,9,1,1,F,75
85,A,10,1,1,F,100
85,A,11,1,1,F,100
85,A,12,1,1,F,100
85,A,13,1,1,F,50
85,A,14,1,1,F,0
85,A,15,1,1,F,50
85,A,16,1,1,F,100
85,A,17,1,1,F,75
85,A,18,1,1,F,100
85,A,19,1,1,F,50
85,A,20,1,1,F,100
85,A,21,1,0,B,75
85,A,22,1,0,B,100
85,A,23,1,1,B,75
85,A,24,1,0,B,75
85,A,25,1,1,B,100
85,A,26,1,0,B,100
85,A,27,1,1,B,100
85,A,28,1,1,B,100
85,A,29,1,0,B,100
85,A,30,1,1,B,100
85,A,31,1,1,B,50
85,A,32,1,1,B,100
85,A,33,1,0,B,100
85,A,34,1,1,B,100
85,A,35,1,0,B,50
85,A,36,1,1,B,100
85,A,37,1,1,B,100
85,A,38,1,1,B,100
85,A,39,1,1,B,100
85,A,40,1,1,B,100
85,A,41,1,1,S,100
85,A,42,1,1,S,100
85,A,43,1,0,S,50
85,A,44,1,1,S,75
85,A,45,1,1,S,100
85,A,46,1,1,S,100
85,A,47,1,1,S,100
85,A,48,1,1,S,100
85,A,49,1,1,S,100
85,A,50,1,1,S,75
85,A,51,1,0,S,100
85,A,52,1,1,S,75
85,A,53,1,1,S,100
85,A,54,1,1,S,100
85,A,55,1,1,S,100
85,A,56,1,1,S,100
85,A,57,1,1,S,100
85,A,58,1,1,S,100
85,A,59,1,1,S,100
85,A,60,1,1,S,100
85,A,61,1,0,U,0
85,A,62,1,0,U,0
85,A,63,1,0,U,0
85,A,64,1,0,U,25
85,A,65,1,0,U,25
85,A,66,1,0,U,25
85,A,67,1,0,U,25
85,A,68,1,0,U,25
85,A,69,1,1,U,25
85,A,70,1,0,U,25
85,A,71,1,0,U,0
85,A,72,1,0,U,25
85,A,73,1,0,U,0
85,A,74,1,0,U,0
85,A,75,1,0,U,25
85,A,76,1,0,U,0
85,A,77,1,0,U,25
85,A,78,1,0,U,25
85,A,79,1,0,U,0
85,A,80,1,0,U,25
89,A,1,1,0,F,75
89,A,2,1,1,F,57
89,A,3,1,0,F,97
89,A,4,1,0,F,34
89,A,5,1,1,F,58
89,A,6,1,0,F,0
89,A,7,1,0,F,10
89,A,8,1,0,F,78
89,A,9,1,0,F,9
89,A,10,1,1,F,92
89,A,11,1,0,F,23
89,A,12,1,1,F,89
89,A,13,1,0,F,71
89,A,14,1,1,F,40
89,A,15,1,1,F,76
89,A,16,1,0,F,90
89,A,17,1,1,F,86
89,A,18,1,1,F,98
89,A,19,1,1,F,74
89,A,20,1,1,F,87
89,A,21,1,1,B,15
89,A,22,1,0,B,77
89,A,23,1,1,B,30
89,A,24,1,0,B,43
89,A,25,1,0,B,46
89,A,26,1,1,B,90
89,A,27,1,1,B,34
89,A,28,1,1,B,78
89,A,29,1,1,B,67
89,A,30,1,0,B,90
89,A,31,1,0,B,13
89,A,32,1,0,B,34
89,A,33,1,0,B,67
89,A,34,1,0,B,91
89,A,35,1,0,B,56
89,A,36,1,0,B,72
89,A,37,1,0,B,21
89,A,38,1,0,B,87
89,A,39,1,1,B,90
89,A,40,1,0,B,4
89,A,41,1,1,S,89
89,A,42,1,1,S,13
89,A,43,1,0,S,45
89,A,44,1,0,S,80
89,A,45,1,0,S,99
89,A,46,1,0,S,35
89,A,47,1,1,S,79
89,A,48,1,1,S,86
89,A,49,1,1,S,89
89,A,50,1,1,S,23
89,A,51,1,0,S,91
89,A,52,1,1,S,11
89,A,53,1,1,S,86
89,A,54,1,1,S,88
89,A,55,1,0,S,84
89,A,56,1,1,S,86
89,A,57,1,1,S,82
89,A,58,1,1,S,84
89,A,59,1,0,S,89
89,A,60,1,1,S,87
89,A,61,1,0,U,41
89,A,62,1,0,U,45
89,A,63,1,0,U,33
89,A,64,1,0,U,56
89,A,65,1,0,U,32
89,A,66,1,0,U,67
89,A,67,1,0,U,18
89,A,68,1,0,U,32
89,A,69,1,0,U,3
89,A,70,1,0,U,35
89,A,71,1,0,U,56
89,A,72,1,0,U,2
89,A,73,1,0,U,12
89,A,74,1,0,U,8
89,A,75,1,0,U,43
89,A,76,1,0,U,5
89,A,77,1,0,U,4
89,A,78,1,0,U,1
89,A,79,1,0,U,31
89,A,80,1,0,U,23
93,A,1,1,1,F,100
93,A,2,1,1,F,53
93,A,3,1,1,F,100
93,A,4,1,1,F,44
93,A,5,1,1,F,88
93,A,6,1,0,F,99
93,A,7,1,0,F,56
93,A,8,1,1,F,99
93,A,9,1,1,F,19
93,A,10,1,1,F,100
93,A,11,1,1,F,1
93,A,12,1,1,F,100
93,A,13,1,1,F,98
93,A,14,1,1,F,77
93,A,15,1,1,F,100
93,A,16,1,1,F,100
93,A,17,1,1,F,99
93,A,18,1,1,F,100
93,A,19,1,1,F,88
93,A,20,1,1,F,100
93,A,21,1,1,B,44
93,A,22,1,1,B,88
93,A,23,1,1,B,100
93,A,24,1,0,B,1
93,A,25,1,0,B,99
93,A,26,1,0,B,88
93,A,27,1,0,B,12
93,A,28,1,0,B,75
93,A,29,1,1,B,100
93,A,30,1,0,B,100
93,A,31,1,1,B,54
93,A,32,1,1,B,45
93,A,33,1,0,B,56
93,A,34,1,0,B,66
93,A,35,1,0,B,54
93,A,36,1,1,B,23
93,A,37,1,1,B,55
93,A,38,1,1,B,100
93,A,39,1,1,B,100
93,A,40,1,1,B,88
93,A,41,1,1,S,96
93,A,42,1,1,S,66
93,A,43,1,1,S,66
93,A,44,1,1,S,87
93,A,45,1,1,S,100
93,A,46,1,0,S,85
93,A,47,1,1,S,100
93,A,48,1,1,S,100
93,A,49,1,1,S,100
93,A,50,1,1,S,99
93,A,51,1,1,S,100
93,A,52,1,1,S,67
93,A,53,1,1,S,100
93,A,54,1,1,S,100
93,A,55,1,1,S,100
93,A,56,1,1,S,100
93,A,57,1,1,S,87
93,A,58,1,1,S,99
93,A,59,1,1,S,99
93,A,60,1,1,S,100
93,A,61,1,0,U,0
93,A,62,1,0,U,0
93,A,63,1,0,U,45
93,A,64,1,1,U,14
93,A,65,1,0,U,1
93,A,66,1,1,U,12
93,A,67,1,1,U,45
93,A,68,1,1,U,23
93,A,69,1,0,U,0
93,A,70,1,1,U,33
93,A,71,1,0,U,12
93,A,72,1,1,U,99
93,A,73,1,1,U,2
93,A,74,1,1,U,22
93,A,75,1,0,U,65
93,A,76,1,0,U,4
93,A,77,1,1,U,3
93,A,78,1,0,U,88
93,A,79,1,0,U,35
93,A,80,1,0,U,0
97,A,1,1,1,F,20
97,A,2,1,1,F,83
97,A,3,1,1,F,58
97,A,4,1,1,F,73
97,A,5,1,1,F,86
97,A,6,1,1,F,86
97,A,7,1,1,F,5
97,A,8,1,1,F,67
97,A,9,1,1,F,86
97,A,10,1,1,F,95
97,A,11,1,1,F,63
97,A,12,1,1,F,73
97,A,13,1,1,F,95
97,A,14,1,1,F,42
97,A,15,1,1,F,68
97,A,16,1,1,F,80
97,A,17,1,1,F,73
97,A,18,1,1,F,96
97,A,19,1,1,F,23
97,A,20,1,1,F,92
97,A,21,1,1,B,70
97,A,22,1,0,B,88
97,A,23,1,0,B,86
97,A,24,1,0,B,38
97,A,25,1,1,B,72
97,A,26,1,1,B,87
97,A,27,1,1,B,64
97,A,28,1,1,B,90
97,A,29,1,1,B,53
97,A,30,1,1,B,95
97,A,31,1,1,B,36
97,A,32,1,0,B,94
97,A,33,1,1,B,78
97,A,34,1,0,B,73
97,A,35,1,0,B,75
97,A,36,1,1,B,87
97,A,37,1,1,B,84
97,A,38,1,0,B,58
97,A,39,1,1,B,63
97,A,40,1,1,B,62
97,A,41,1,1,S,82
97,A,42,1,1,S,67
97,A,43,1,0,S,92
97,A,44,1,1,S,83
97,A,45,1,1,S,87
97,A,46,1,1,S,85
97,A,47,1,1,S,92
97,A,48,1,1,S,82
97,A,49,1,1,S,92
97,A,50,1,0,S,85
97,A,51,1,1,S,93
97,A,52,1,1,S,75
97,A,53,1,1,S,90
97,A,54,1,1,S,86
97,A,55,1,1,S,90
97,A,56,1,1,S,89
97,A,57,1,1,S,95
97,A,58,1,1,S,96
97,A,59,1,1,S,93
97,A,60,1,1,S,86
97,A,61,1,0,U,3
97,A,62,1,0,U,13
97,A,63,1,1,U,14
97,A,64,1,1,U,10
97,A,65,1,0,U,6
97,A,66,1,1,U,3
97,A,67,1,1,U,3
97,A,68,1,0,U,5
97,A,69,1,1,U,4
97,A,70,1,1,U,12
97,A,71,1,1,U,14
97,A,72,1,1,U,7
97,A,73,1,0,U,10
97,A,74,1,1,U,8
97,A,75,1,1,U,8
97,A,76,1,0,U,2
97,A,77,1,1,U,3
97,A,78,1,0,U,5
97,A,79,1,1,U,24
97,A,80,1,1,U,5
101,A,1,1,0,F,5
101,A,2,1,0,F,89
101,A,3,1,1,F,66
101,A,4,1,0,F,10
101,A,5,1,0,F,65
101,A,6,1,0,F,10
101,A,7,1,0,F,5
101,A,8,1,0,F,10
101,A,9,1,0,F,5
101,A,10,1,1,F,100
101,A,11,1,1,F,47
101,A,12,1,1,F,80
101,A,13,1,0,F,50
101,A,14,1,1,F,40
101,A,15,1,1,F,70
101,A,16,1,0,F,55
101,A,17,1,0,F,10
101,A,18,1,1,F,100
101,A,19,1,0,F,15
101,A,20,1,1,F,95
101,A,21,1,1,B,60
101,A,22,1,1,B,85
101,A,23,1,1,B,71
101,A,24,1,0,B,10
101,A,25,1,1,B,99
101,A,26,1,1,B,96
101,A,27,1,1,B,70
101,A,28,1,1,B,100
101,A,29,1,1,B,80
101,A,30,1,1,B,95
101,A,31,1,0,B,10
101,A,32,1,1,B,40
101,A,33,1,0,B,50
101,A,34,1,1,B,70
101,A,35,1,0,B,10
101,A,36,1,1,B,94
101,A,37,1,1,B,68
101,A,38,1,1,B,90
101,A,39,1,1,B,100
101,A,40,1,1,B,10
101,A,41,1,1,S,80
101,A,42,1,0,S,70
101,A,43,1,0,S,23
101,A,44,1,1,S,80
101,A,45,1,0,S,88
101,A,46,1,0,S,50
101,A,47,1,1,S,80
101,A,48,1,1,S,70
101,A,49,1,1,S,96
101,A,50,1,1,S,65
101,A,51,1,1,S,50
101,A,52,1,1,S,5
101,A,53,1,1,S,100
101,A,54,1,1,S,100
101,A,55,1,1,S,100
101,A,56,1,1,S,80
101,A,57,1,1,S,97
101,A,58,1,1,S,75
101,A,59,1,1,S,60
101,A,60,1,1,S,95
101,A,61,1,0,U,10
101,A,62,1,1,U,10
101,A,63,1,0,U,5
101,A,64,1,1,U,10
101,A,65,1,0,U,10
101,A,66,1,0,U,10
101,A,67,1,1,U,12
101,A,68,1,0,U,3
101,A,69,1,0,U,10
101,A,70,1,1,U,45
101,A,71,1,1,U,20
101,A,72,1,1,U,10
101,A,73,1,0,U,4
101,A,74,1,0,U,10
101,A,75,1,0,U,10
101,A,76,1,1,U,5
101,A,77,1,0,U,10
101,A,78,1,0,U,6
101,A,79,1,1,U,20
101,A,80,1,0,U,16
105,A,1,1,1,F,0
105,A,2,1,1,F,70
105,A,3,1,0,F,80
105,A,4,1,0,F,80
105,A,5,1,0,F,80
105,A,6,1,1,F,95
105,A,7,1,0,F,45
105,A,8,1,0,F,85
105,A,9,1,0,F,80
105,A,10,1,1,F,100
105,A,11,1,1,F,80
105,A,12,1,1,F,100
105,A,13,1,0,F,75
105,A,14,1,1,F,70
105,A,15,1,0,F,100
105,A,16,1,0,F,85
105,A,17,1,1,F,100
105,A,18,1,1,F,90
105,A,19,1,1,F,60
105,A,20,1,1,F,80
105,A,21,1,1,B,80
105,A,22,1,0,B,90
105,A,23,1,1,B,90
105,A,24,1,0,B,95
105,A,25,1,0,B,100
105,A,26,1,0,B,80
105,A,27,1,0,B,100
105,A,28,1,0,B,100
105,A,29,1,1,B,100
105,A,30,1,0,B,85
105,A,31,1,0,B,90
105,A,32,1,0,B,50
105,A,33,1,0,B,100
105,A,34,1,0,B,100
105,A,35,1,0,B,55
105,A,36,1,0,B,80
105,A,37,1,1,B,90
105,A,38,1,0,B,90
105,A,39,1,1,B,70
105,A,40,1,0,B,90
105,A,41,1,0,S,100
105,A,42,1,0,S,50
105,A,43,1,1,S,65
105,A,44,1,0,S,85
105,A,45,1,0,S,100
105,A,46,1,0,S,65
105,A,47,1,1,S,95
105,A,48,1,1,S,100
105,A,49,1,1,S,100
105,A,50,1,1,S,95
105,A,51,1,0,S,95
105,A,52,1,1,S,100
105,A,53,1,1,S,100
105,A,54,1,1,S,100
105,A,55,1,0,S,100
105,A,56,1,1,S,100
105,A,57,1,1,S,100
105,A,58,1,1,S,90
105,A,59,1,0,S,100
105,A,60,1,0,S,65
105,A,61,1,0,U,75
105,A,62,1,0,U,0
105,A,63,1,1,U,75
105,A,64,1,0,U,75
105,A,65,1,0,U,80
105,A,66,1,0,U,70
105,A,67,1,0,U,55
105,A,68,1,0,U,70
105,A,69,1,0,U,60
105,A,70,1,0,U,85
105,A,71,1,0,U,65
105,A,72,1,0,U,80
105,A,73,1,0,U,85
105,A,74,1,0,U,100
105,A,75,1,0,U,80
105,A,76,1,0,U,45
105,A,77,1,0,U,100
105,A,78,1,0,U,80
105,A,79,1,1,U,100
105,A,80,1,0,U,80
73,A,1,2,0,F,90
73,A,2,2,1,F,28
73,A,3,2,1,F,70
73,A,4,2,1,F,80
73,A,5,2,0,F,78
73,A,6,2,0,F,2
73,A,7,2,1,F,75
73,A,8,2,1,F,98
73,A,9,2,1,F,89
73,A,10,2,1,F,78
73,A,11,2,0,F,100
73,A,12,2,1,F,100
73,A,13,2,1,F,90
73,A,14,2,1,F,78
73,A,15,2,1,F,76
73,A,16,2,0,F,95
73,A,17,2,1,F,99
73,A,18,2,1,F,40
73,A,19,2,0,F,56
73,A,20,2,1,F,90
73,A,21,2,0,B,65
73,A,22,2,0,B,76
73,A,23,2,0,B,99
73,A,24,2,0,B,99
73,A,25,2,0,B,89
73,A,26,2,1,B,34
73,A,27,2,1,B,24
73,A,28,2,0,B,43
73,A,29,2,1,B,13
73,A,30,2,1,B,9
73,A,31,2,0,B,67
73,A,32,2,1,B,55
73,A,33,2,0,B,94
73,A,34,2,1,B,100
73,A,35,2,0,B,48
73,A,36,2,1,B,60
73,A,37,2,1,B,78
73,A,38,2,1,B,89
73,A,39,2,0,B,99
73,A,40,2,0,B,88
73,A,41,2,1,S,70
73,A,42,2,1,S,76
73,A,43,2,1,S,56
73,A,44,2,0,S,93
73,A,45,2,0,S,77
73,A,46,2,0,S,76
73,A,47,2,1,S,98
73,A,48,2,0,S,98
73,A,49,2,0,S,87
73,A,50,2,1,S,88
73,A,51,2,0,S,90
73,A,52,2,0,S,70
73,A,53,2,0,S,55
73,A,54,2,1,S,67
73,A,55,2,0,S,10
73,A,56,2,0,S,89
73,A,57,2,1,S,48
73,A,58,2,1,S,64
73,A,59,2,1,S,80
73,A,60,2,0,S,75
73,A,61,2,0,U,3
73,A,62,2,0,U,56
73,A,63,2,0,U,2
73,A,64,2,1,U,2
73,A,65,2,0,U,2
73,A,66,2,0,U,12
73,A,67,2,0,U,65
73,A,68,2,0,U,17
73,A,69,2,0,U,14
73,A,70,2,0,U,5
73,A,71,2,0,U,6
73,A,72,2,0,U,12
73,A,73,2,1,U,1
73,A,74,2,0,U,66
73,A,75,2,0,U,56
73,A,76,2,0,U,3
73,A,77,2,0,U,9
73,A,78,2,0,U,20
73,A,79,2,0,U,3
73,A,80,2,0,U,3
77,A,1,2,1,F,100
77,A,2,2,1,F,55
77,A,3,2,1,F,100
77,A,4,2,1,F,95
77,A,5,2,1,F,100
77,A,6,2,1,F,30
77,A,7,2,0,F,100
77,A,8,2,0,F,100
77,A,9,2,1,F,89
77,A,10,2,1,F,80
77,A,11,2,1,F,91
77,A,12,2,1,F,100
77,A,13,2,1,F,96
77,A,14,2,1,F,88
77,A,15,2,1,F,100
77,A,16,2,0,F,74
77,A,17,2,1,F,74
77,A,18,2,0,F,100
77,A,19,2,1,F,92
77,A,20,2,1,F,100
77,A,21,2,1,B,70
77,A,22,2,0,B,100
77,A,23,2,0,B,100
77,A,24,2,0,B,100
77,A,25,2,0,B,70
77,A,26,2,0,B,12
77,A,27,2,0,B,50
77,A,28,2,0,B,77
77,A,29,2,0,B,100
77,A,30,2,0,B,1
77,A,31,2,0,B,10
77,A,32,2,1,B,55
77,A,33,2,1,B,100
77,A,34,2,0,B,100
77,A,35,2,0,B,60
77,A,36,2,0,B,87
77,A,37,2,1,B,100
77,A,38,2,1,B,100
77,A,39,2,0,B,100
77,A,40,2,0,B,50
77,A,41,2,1,S,100
77,A,42,2,0,S,100
77,A,43,2,1,S,100
77,A,44,2,0,S,100
77,A,45,2,1,S,100
77,A,46,2,0,S,100
77,A,47,2,1,S,100
77,A,48,2,1,S,100
77,A,49,2,1,S,90
77,A,50,2,1,S,99
77,A,51,2,1,S,80
77,A,52,2,1,S,100
77,A,53,2,0,S,100
77,A,54,2,0,S,100
77,A,55,2,1,S,10
77,A,56,2,1,S,65
77,A,57,2,1,S,100
77,A,58,2,0,S,100
77,A,59,2,0,S,83
77,A,60,2,0,S,89
77,A,61,2,0,U,2
77,A,62,2,0,U,30
77,A,63,2,0,U,12
77,A,64,2,0,U,1
77,A,65,2,0,U,1
77,A,66,2,0,U,44
77,A,67,2,1,U,36
77,A,68,2,0,U,20
77,A,69,2,0,U,12
77,A,70,2,0,U,2
77,A,71,2,0,U,34
77,A,72,2,0,U,23
77,A,73,2,0,U,20
77,A,74,2,0,U,20
77,A,75,2,0,U,60
77,A,76,2,0,U,30
77,A,77,2,0,U,49
77,A,78,2,1,U,15
77,A,79,2,0,U,2
77,A,80,2,0,U,56
81,A,1,2,0,F,50
81,A,2,2,1,F,50
81,A,3,2,1,F,50
81,A,4,2,1,F,95
81,A,5,2,1,F,95
81,A,6,2,0,F,0
81,A,7,2,1,F,80
81,A,8,2,1,F,90
81,A,9,2,0,F,80
81,A,10,2,1,F,80
81,A,11,2,1,F,50
81,A,12,2,0,F,95
81,A,13,2,1,F,80
81,A,14,2,1,F,50
81,A,15,2,1,F,25
81,A,16,2,1,F,95
81,A,17,2,1,F,50
81,A,18,2,1,F,95
81,A,19,2,0,F,80
81,A,20,2,1,F,95
81,A,21,2,1,B,90
81,A,22,2,0,B,80
81,A,23,2,0,B,95
81,A,24,2,1,B,85
81,A,25,2,1,B,80
81,A,26,2,1,B,50
81,A,27,2,0,B,25
81,A,28,2,0,B,95
81,A,29,2,1,B,95
81,A,30,2,1,B,50
81,A,31,2,0,B,50
81,A,32,2,0,B,80
81,A,33,2,1,B,95
81,A,34,2,1,B,80
81,A,35,2,0,B,80
81,A,36,2,1,B,95
81,A,37,2,0,B,95
81,A,38,2,0,B,95
81,A,39,2,1,B,50
81,A,40,2,1,B,80
81,A,41,2,1,S,85
81,A,42,2,0,S,100
81,A,43,2,1,S,100
81,A,44,2,1,S,95
81,A,45,2,1,S,50
81,A,46,2,1,S,50
81,A,47,2,1,S,50
81,A,48,2,1,S,100
81,A,49,2,1,S,80
81,A,50,2,1,S,95
81,A,51,2,1,S,95
81,A,52,2,1,S,90
81,A,53,2,1,S,85
81,A,54,2,0,S,50
81,A,55,2,1,S,50
81,A,56,2,1,S,80
81,A,57,2,0,S,95
81,A,58,2,1,S,50
81,A,59,2,1,S,80
81,A,60,2,0,S,100
81,A,61,2,0,U,0
81,A,62,2,1,U,50
81,A,63,2,0,U,25
81,A,64,2,0,U,25
81,A,65,2,0,U,50
81,A,66,2,0,U,0
81,A,67,2,0,U,50
81,A,68,2,0,U,25
81,A,69,2,0,U,15
81,A,70,2,0,U,25
81,A,71,2,0,U,50
81,A,72,2,0,U,10
81,A,73,2,0,U,20
81,A,74,2,0,U,25
81,A,75,2,0,U,50
81,A,76,2,0,U,25
81,A,77,2,1,U,50
81,A,78,2,1,U,25
81,A,79,2,1,U,50
81,A,80,2,0,U,1
85,A,1,2,1,F,100
85,A,2,2,1,F,50
85,A,3,2,1,F,50
85,A,4,2,1,F,100
85,A,5,2,1,F,100
85,A,6,2,1,F,0
85,A,7,2,1,F,100
85,A,8,2,1,F,50
85,A,9,2,1,F,75
85,A,10,2,1,F,75
85,A,11,2,1,F,100
85,A,12,2,1,F,100
85,A,13,2,1,F,100
85,A,14,2,1,F,75
85,A,15,2,1,F,0
85,A,16,2,1,F,25
85,A,17,2,1,F,100
85,A,18,2,1,F,50
85,A,19,2,1,F,75
85,A,20,2,1,F,100
85,A,21,2,1,B,50
85,A,22,2,0,B,50
85,A,23,2,1,B,100
85,A,24,2,1,B,100
85,A,25,2,1,B,75
85,A,26,2,0,B,25
85,A,27,2,0,B,50
85,A,28,2,1,B,50
85,A,29,2,1,B,100
85,A,30,2,0,B,100
85,A,31,2,1,B,100
85,A,32,2,1,B,75
85,A,33,2,1,B,100
85,A,34,2,1,B,100
85,A,35,2,0,B,100
85,A,36,2,1,B,75
85,A,37,2,0,B,50
85,A,38,2,1,B,100
85,A,39,2,1,B,100
85,A,40,2,0,B,75
85,A,41,2,1,S,100
85,A,42,2,1,S,100
85,A,43,2,0,S,0
85,A,44,2,1,S,75
85,A,45,2,1,S,100
85,A,46,2,1,S,50
85,A,47,2,1,S,50
85,A,48,2,1,S,100
85,A,49,2,1,S,75
85,A,50,2,1,S,100
85,A,51,2,1,S,100
85,A,52,2,1,S,100
85,A,53,2,1,S,50
85,A,54,2,0,S,100
85,A,55,2,1,S,0
85,A,56,2,1,S,100
85,A,57,2,1,S,100
85,A,58,2,1,S,100
85,A,59,2,1,S,50
85,A,60,2,0,S,75
85,A,61,2,0,U,50
85,A,62,2,0,U,25
85,A,63,2,0,U,25
85,A,64,2,0,U,25
85,A,65,2,0,U,75
85,A,66,2,0,U,0
85,A,67,2,1,U,25
85,A,68,2,0,U,25
85,A,69,2,0,U,0
85,A,70,2,0,U,0
85,A,71,2,0,U,0
85,A,72,2,0,U,0
85,A,73,2,0,U,0
85,A,74,2,0,U,0
85,A,75,2,1,U,50
85,A,76,2,0,U,0
85,A,77,2,0,U,0
85,A,78,2,1,U,0
85,A,79,2,0,U,0
85,A,80,2,0,U,56
89,A,1,2,0,F,0
89,A,2,2,1,F,2
89,A,3,2,0,F,4
89,A,4,2,1,F,50
89,A,5,2,0,F,0
89,A,6,2,0,F,3
89,A,7,2,0,F,0
89,A,8,2,0,F,3
89,A,9,2,1,F,0
89,A,10,2,0,F,6
89,A,11,2,1,F,2
89,A,12,2,1,F,66
89,A,13,2,1,F,99
89,A,14,2,1,F,0
89,A,15,2,0,F,2
89,A,16,2,0,F,67
89,A,17,2,0,F,0
89,A,18,2,0,F,0
89,A,19,2,0,F,90
89,A,20,2,1,F,88
89,A,21,2,0,B,88
89,A,22,2,1,B,1
89,A,23,2,0,B,78
89,A,24,2,0,B,0
89,A,25,2,0,B,77
89,A,26,2,0,B,0
89,A,27,2,0,B,2
89,A,28,2,0,B,0
89,A,29,2,1,B,87
89,A,30,2,0,B,87
89,A,31,2,0,B,1
89,A,32,2,0,B,2
89,A,33,2,1,B,66
89,A,34,2,0,B,1
89,A,35,2,0,B,2
89,A,36,2,1,B,89
89,A,37,2,0,B,1
89,A,38,2,1,B,77
89,A,39,2,0,B,90
89,A,40,2,1,B,34
89,A,41,2,0,S,87
89,A,42,2,0,S,2
89,A,43,2,0,S,0
89,A,44,2,1,S,56
89,A,45,2,1,S,1
89,A,46,2,0,S,0
89,A,47,2,0,S,90
89,A,48,2,1,S,76
89,A,49,2,0,S,0
89,A,50,2,0,S,0
89,A,51,2,1,S,78
89,A,52,2,0,S,1
89,A,53,2,1,S,88
89,A,54,2,0,S,2
89,A,55,2,0,S,2
89,A,56,2,0,S,2
89,A,57,2,1,S,99
89,A,58,2,0,S,0
89,A,59,2,0,S,2
89,A,60,2,0,S,2
89,A,61,2,0,U,0
89,A,62,2,0,U,2
89,A,63,2,0,U,2
89,A,64,2,0,U,1
89,A,65,2,0,U,0
89,A,66,2,0,U,1
89,A,67,2,0,U,0
89,A,68,2,0,U,3
89,A,69,2,0,U,2
89,A,70,2,0,U,0
89,A,71,2,0,U,2
89,A,72,2,0,U,0
89,A,73,2,0,U,0
89,A,74,2,0,U,0
89,A,75,2,0,U,12
89,A,76,2,0,U,0
89,A,77,2,0,U,0
89,A,78,2,0,U,2
89,A,79,2,0,U,2
89,A,80,2,0,U,56
93,A,1,2,1,F,66
93,A,2,2,0,F,2
93,A,3,2,0,F,5
93,A,4,2,1,F,32
93,A,5,2,0,F,19
93,A,6,2,1,F,0
93,A,7,2,1,F,7
93,A,8,2,1,F,100
93,A,9,2,1,F,100
93,A,10,2,1,F,77
93,A,11,2,1,F,100
93,A,12,2,1,F,99
93,A,13,2,1,F,99
93,A,14,2,0,F,100
93,A,15,2,1,F,0
93,A,16,2,1,F,100
93,A,17,2,1,F,99
93,A,18,2,1,F,100
93,A,19,2,1,F,100
93,A,20,2,1,F,99
93,A,21,2,1,B,87
93,A,22,2,0,B,67
93,A,23,2,0,B,100
93,A,24,2,0,B,19
93,A,25,2,0,B,100
93,A,26,2,1,B,0
93,A,27,2,0,B,100
93,A,28,2,1,B,77
93,A,29,2,1,B,100
93,A,30,2,1,B,44
93,A,31,2,0,B,100
93,A,32,2,1,B,100
93,A,33,2,1,B,100
93,A,34,2,0,B,100
93,A,35,2,0,B,98
93,A,36,2,0,B,100
93,A,37,2,0,B,2
93,A,38,2,0,B,4
93,A,39,2,0,B,100
93,A,40,2,1,B,82
93,A,41,2,1,S,100
93,A,42,2,1,S,99
93,A,43,2,1,S,99
93,A,44,2,1,S,100
93,A,45,2,1,S,77
93,A,46,2,0,S,10
93,A,47,2,0,S,99
93,A,48,2,0,S,10
93,A,49,2,1,S,100
93,A,50,2,1,S,100
93,A,51,2,1,S,100
93,A,52,2,0,S,12
93,A,53,2,1,S,100
93,A,54,2,1,S,100
93,A,55,2,1,S,34
93,A,56,2,1,S,22
93,A,57,2,1,S,100
93,A,58,2,1,S,99
93,A,59,2,1,S,99
93,A,60,2,1,S,100
93,A,61,2,0,U,3
93,A,62,2,0,U,4
93,A,63,2,0,U,3
93,A,64,2,0,U,1
93,A,65,2,1,U,1
93,A,66,2,1,U,1
93,A,67,2,1,U,1
93,A,68,2,0,U,8
93,A,69,2,0,U,12
93,A,70,2,1,U,10
93,A,71,2,1,U,99
93,A,72,2,0,U,0
93,A,73,2,0,U,0
93,A,74,2,0,U,19
93,A,75,2,1,U,99
93,A,76,2,0,U,2
93,A,77,2,0,U,23
93,A,78,2,1,U,2
93,A,79,2,0,U,0
93,A,80,2,0,U,56
97,A,1,2,1,F,28
97,A,2,2,1,F,61
97,A,3,2,1,F,89
97,A,4,2,1,F,92
97,A,5,2,1,F,86
97,A,6,2,1,F,24
97,A,7,2,0,F,90
97,A,8,2,1,F,93
97,A,9,2,1,F,94
97,A,10,2,1,F,83
97,A,11,2,1,F,80
97,A,12,2,1,F,79
97,A,13,2,1,F,86
97,A,14,2,1,F,92
97,A,15,2,1,F,83
97,A,16,2,1,F,85
97,A,17,2,1,F,38
97,A,18,2,1,F,48
97,A,19,2,1,F,88
97,A,20,2,1,F,83
97,A,21,2,1,B,63
97,A,22,2,0,B,77
97,A,23,2,0,B,81
97,A,24,2,1,B,85
97,A,25,2,0,B,31
97,A,26,2,1,B,72
97,A,27,2,1,B,74
97,A,28,2,1,B,57
97,A,29,2,1,B,87
97,A,30,2,1,B,77
97,A,31,2,1,B,48
97,A,32,2,1,B,88
97,A,33,2,1,B,91
97,A,34,2,1,B,95
97,A,35,2,1,B,55
97,A,36,2,0,B,95
97,A,37,2,1,B,91
97,A,38,2,1,B,93
97,A,39,2,1,B,88
97,A,40,2,0,B,87
97,A,41,2,1,S,90
97,A,42,2,1,S,89
97,A,43,2,1,S,95
97,A,44,2,1,S,86
97,A,45,2,1,S,92
97,A,46,2,1,S,79
97,A,47,2,1,S,93
97,A,48,2,1,S,89
97,A,49,2,1,S,69
97,A,50,2,1,S,87
97,A,51,2,1,S,68
97,A,52,2,1,S,92
97,A,53,2,1,S,90
97,A,54,2,1,S,60
97,A,55,2,1,S,97
97,A,56,2,1,S,89
97,A,57,2,1,S,87
97,A,58,2,1,S,90
97,A,59,2,1,S,94
97,A,60,2,1,S,85
97,A,61,2,1,U,6
97,A,62,2,1,U,20
97,A,63,2,1,U,9
97,A,64,2,1,U,5
97,A,65,2,0,U,4
97,A,66,2,0,U,3
97,A,67,2,1,U,21
97,A,68,2,0,U,20
97,A,69,2,1,U,8
97,A,70,2,1,U,10
97,A,71,2,1,U,6
97,A,72,2,1,U,62
97,A,73,2,1,U,21
97,A,74,2,1,U,3
97,A,75,2,0,U,10
97,A,76,2,0,U,10
97,A,77,2,1,U,24
97,A,78,2,1,U,15
97,A,79,2,1,U,20
97,A,80,2,0,U,90
101,A,1,2,1,F,100
101,A,2,2,1,F,80
101,A,3,2,1,F,59
101,A,4,2,1,F,100
101,A,5,2,1,F,80
101,A,6,2,1,F,17
101,A,7,2,1,F,80
101,A,8,2,0,F,100
101,A,9,2,1,F,100
101,A,10,2,1,F,100
101,A,11,2,1,F,100
101,A,12,2,1,F,100
101,A,13,2,0,F,2
101,A,14,2,1,F,78
101,A,15,2,1,F,55
101,A,16,2,1,F,90
101,A,17,2,1,F,50
101,A,18,2,1,F,50
101,A,19,2,1,F,100
101,A,20,2,1,F,100
101,A,21,2,1,B,57
101,A,22,2,0,B,79
101,A,23,2,1,B,100
101,A,24,2,1,B,75
101,A,25,2,1,B,90
101,A,26,2,0,B,3
101,A,27,2,0,B,50
101,A,28,2,1,B,90
101,A,29,2,1,B,100
101,A,30,2,1,B,60
101,A,31,2,0,B,80
101,A,32,2,1,B,80
101,A,33,2,1,B,80
101,A,34,2,1,B,55
101,A,35,2,0,B,4
101,A,36,2,0,B,79
101,A,37,2,1,B,70
101,A,38,2,1,B,87
101,A,39,2,1,B,100
101,A,40,2,0,B,3
101,A,41,2,1,S,98
101,A,42,2,0,S,80
101,A,43,2,0,S,2
101,A,44,2,1,S,90
101,A,45,2,1,S,50
101,A,46,2,1,S,50
101,A,47,2,1,S,67
101,A,48,2,1,S,100
101,A,49,2,1,S,97
101,A,50,2,1,S,100
101,A,51,2,1,S,100
101,A,52,2,1,S,86
101,A,53,2,1,S,100
101,A,54,2,1,S,100
101,A,55,2,0,S,13
101,A,56,2,1,S,100
101,A,57,2,1,S,100
101,A,58,2,1,S,65
101,A,59,2,1,S,90
101,A,60,2,0,S,55
101,A,61,2,0,U,16
101,A,62,2,0,U,55
101,A,63,2,0,U,20
101,A,64,2,1,U,3
101,A,65,2,0,U,5
101,A,66,2,0,U,15
101,A,67,2,0,U,55
101,A,68,2,0,U,50
101,A,69,2,0,U,12
101,A,70,2,0,U,3
101,A,71,2,1,U,75
101,A,72,2,0,U,6
101,A,73,2,0,U,3
101,A,74,2,0,U,9
101,A,75,2,1,U,58
101,A,76,2,0,U,2
101,A,77,2,1,U,71
101,A,78,2,1,U,5
101,A,79,2,0,U,4
101,A,80,2,0,U,1
105,A,1,2,0,F,75
105,A,2,2,0,F,60
105,A,3,2,1,F,90
105,A,4,2,1,F,100
105,A,5,2,0,F,60
105,A,6,2,0,F,89
105,A,7,2,1,F,100
105,A,8,2,0,F,80
105,A,9,2,1,F,100
105,A,10,2,1,F,90
105,A,11,2,1,F,100
105,A,12,2,0,F,100
105,A,13,2,1,F,100
105,A,14,2,0,F,100
105,A,15,2,1,F,80
105,A,16,2,1,F,89
105,A,17,2,0,F,90
105,A,18,2,1,F,90
105,A,19,2,1,F,90
105,A,20,2,1,F,85
105,A,21,2,0,B,90
105,A,22,2,0,B,89
105,A,23,2,0,B,80
105,A,24,2,0,B,60
105,A,25,2,0,B,75
105,A,26,2,0,B,0
105,A,27,2,0,B,85
105,A,28,2,0,B,80
105,A,29,2,1,B,100
105,A,30,2,0,B,70
105,A,31,2,0,B,90
105,A,32,2,1,B,80
105,A,33,2,0,B,100
105,A,34,2,0,B,90
105,A,35,2,0,B,90
105,A,36,2,1,B,100
105,A,37,2,1,B,100
105,A,38,2,1,B,100
105,A,39,2,0,B,100
105,A,40,2,0,B,95
105,A,41,2,1,S,100
105,A,42,2,0,S,80
105,A,43,2,1,S,80
105,A,44,2,1,S,95
105,A,45,2,1,S,85
105,A,46,2,1,S,100
105,A,47,2,1,S,90
105,A,48,2,0,S,80
105,A,49,2,1,S,90
105,A,50,2,1,S,80
105,A,51,2,1,S,80
105,A,52,2,1,S,99
105,A,53,2,0,S,90
105,A,54,2,1,S,100
105,A,55,2,1,S,90
105,A,56,2,1,S,90
105,A,57,2,1,S,90
105,A,58,2,1,S,100
105,A,59,2,0,S,70
105,A,60,2,1,S,100
105,A,61,2,0,U,0
105,A,62,2,0,U,0
105,A,63,2,0,U,75
105,A,64,2,1,U,0
105,A,65,2,0,U,85
105,A,66,2,0,U,0
105,A,67,2,1,U,75
105,A,68,2,0,U,0
105,A,69,2,0,U,80
105,A,70,2,0,U,0
105,A,71,2,0,U,100
105,A,72,2,0,U,35
105,A,73,2,0,U,0
105,A,74,2,0,U,0
105,A,75,2,0,U,80
105,A,76,2,0,U,75
105,A,77,2,0,U,70
105,A,78,2,1,U,0
105,A,79,2,0,U,60
105,A,80,2,0,U,90
74,B,1,1,1,F,100
74,B,2,1,0,F,100
74,B,3,1,1,F,100
74,B,4,1,1,F,100
74,B,5,1,1,F,100
74,B,6,1,0,F,50
74,B,7,1,1,F,100
74,B,8,1,1,F,100
74,B,9,1,0,F,100
74,B,10,1,0,F,100
74,B,11,1,0,F,100
74,B,12,1,1,F,100
74,B,13,1,1,F,100
74,B,14,1,1,F,100
74,B,15,1,1,F,50
74,B,16,1,0,F,100
74,B,17,1,0,F,50
74,B,18,1,0,F,100
74,B,19,1,0,F,100
74,B,20,1,1,F,100
74,B,21,1,0,B,100
74,B,22,1,0,B,100
74,B,23,1,1,B,100
74,B,24,1,0,B,100
74,B,25,1,0,B,100
74,B,26,1,0,B,50
74,B,27,1,1,B,0
74,B,28,1,1,B,100
74,B,29,1,1,B,100
74,B,30,1,0,B,100
74,B,31,1,0,B,100
74,B,32,1,0,B,75
74,B,33,1,1,B,100
74,B,34,1,0,B,100
74,B,35,1,0,B,100
74,B,36,1,1,B,100
74,B,37,1,0,B,100
74,B,38,1,0,B,100
74,B,39,1,0,B,100
74,B,40,1,1,B,100
74,B,41,1,1,S,100
74,B,42,1,0,S,100
74,B,43,1,0,S,50
74,B,44,1,0,S,100
74,B,45,1,1,S,100
74,B,46,1,0,S,100
74,B,47,1,1,S,100
74,B,48,1,0,S,100
74,B,49,1,1,S,100
74,B,50,1,1,S,100
74,B,51,1,1,S,100
74,B,52,1,1,S,100
74,B,53,1,1,S,100
74,B,54,1,1,S,100
74,B,55,1,0,S,50
74,B,56,1,0,S,100
74,B,57,1,1,S,100
74,B,58,1,1,S,100
74,B,59,1,1,S,100
74,B,60,1,0,S,100
74,B,61,1,0,U,10
74,B,62,1,0,U,100
74,B,63,1,0,U,50
74,B,64,1,0,U,40
74,B,65,1,0,U,50
74,B,66,1,0,U,10
74,B,67,1,0,U,50
74,B,68,1,0,U,50
74,B,69,1,1,U,50
74,B,70,1,0,U,50
74,B,71,1,0,U,50
74,B,72,1,0,U,0
74,B,73,1,0,U,50
74,B,74,1,0,U,10
74,B,75,1,1,U,100
74,B,76,1,0,U,50
74,B,77,1,1,U,75
74,B,78,1,1,U,100
74,B,79,1,0,U,50
74,B,80,1,0,U,5
78,B,1,1,1,F,85
78,B,2,1,0,F,100
78,B,3,1,0,F,78
78,B,4,1,1,F,80
78,B,5,1,0,F,76
78,B,6,1,0,F,43
78,B,7,1,1,F,70
78,B,8,1,1,F,100
78,B,9,1,1,F,89
78,B,10,1,1,F,70
78,B,11,1,0,F,56
78,B,12,1,1,F,88
78,B,13,1,0,F,66
78,B,14,1,0,F,54
78,B,15,1,1,F,19
78,B,16,1,1,F,100
78,B,17,1,0,F,77
78,B,18,1,0,F,56
78,B,19,1,0,F,87
78,B,20,1,0,F,78
78,B,21,1,0,B,75
78,B,22,1,0,B,80
78,B,23,1,0,B,80
78,B,24,1,0,B,70
78,B,25,1,0,B,100
78,B,26,1,0,B,77
78,B,27,1,0,B,77
78,B,28,1,0,B,78
78,B,29,1,1,B,100
78,B,30,1,1,B,88
78,B,31,1,0,B,45
78,B,32,1,0,B,67
78,B,33,1,1,B,70
78,B,34,1,1,B,40
78,B,35,1,0,B,100
78,B,36,1,0,B,89
78,B,37,1,1,B,100
78,B,38,1,0,B,23
78,B,39,1,0,B,100
78,B,40,1,0,B,88
78,B,41,1,1,S,100
78,B,42,1,0,S,88
78,B,43,1,1,S,88
78,B,44,1,1,S,100
78,B,45,1,0,S,90
78,B,46,1,1,S,88
78,B,47,1,1,S,90
78,B,48,1,1,S,100
78,B,49,1,1,S,80
78,B,50,1,0,S,100
78,B,51,1,1,S,85
78,B,52,1,0,S,100
78,B,53,1,1,S,100
78,B,54,1,1,S,90
78,B,55,1,0,S,43
78,B,56,1,1,S,100
78,B,57,1,1,S,90
78,B,58,1,1,S,80
78,B,59,1,1,S,96
78,B,60,1,0,S,77
78,B,61,1,0,U,21
78,B,62,1,0,U,100
78,B,63,1,1,U,70
78,B,64,1,0,U,70
78,B,65,1,1,U,10
78,B,66,1,0,U,12
78,B,67,1,1,U,55
78,B,68,1,0,U,90
78,B,69,1,0,U,10
78,B,70,1,0,U,13
78,B,71,1,0,U,67
78,B,72,1,0,U,100
78,B,73,1,0,U,43
78,B,74,1,0,U,13
78,B,75,1,0,U,34
78,B,76,1,0,U,0
78,B,77,1,0,U,43
78,B,78,1,0,U,34
78,B,79,1,0,U,88
78,B,80,1,0,U,5
82,B,1,1,1,F,30
82,B,2,1,1,F,15
82,B,3,1,1,F,50
82,B,4,1,0,F,50
82,B,5,1,1,F,80
82,B,6,1,0,F,40
82,B,7,1,1,F,50
82,B,8,1,1,F,70
82,B,9,1,1,F,75
82,B,10,1,1,F,80
82,B,11,1,0,F,75
82,B,12,1,1,F,80
82,B,13,1,1,F,40
82,B,14,1,1,F,50
82,B,15,1,0,F,35
82,B,16,1,1,F,95
82,B,17,1,0,F,25
82,B,18,1,1,F,75
82,B,19,1,0,F,50
82,B,20,1,1,F,75
82,B,21,1,0,B,50
82,B,22,1,0,B,30
82,B,23,1,0,B,75
82,B,24,1,0,B,25
82,B,25,1,0,B,30
82,B,26,1,0,B,15
82,B,27,1,0,B,25
82,B,28,1,0,B,60
82,B,29,1,1,B,40
82,B,30,1,0,B,25
82,B,31,1,0,B,15
82,B,32,1,0,B,25
82,B,33,1,0,B,100
82,B,34,1,1,B,25
82,B,35,1,0,B,50
82,B,36,1,1,B,25
82,B,37,1,0,B,50
82,B,38,1,0,B,90
82,B,39,1,0,B,100
82,B,40,1,0,B,90
82,B,41,1,0,S,85
82,B,42,1,1,S,90
82,B,43,1,1,S,50
82,B,44,1,0,S,50
82,B,45,1,1,S,95
82,B,46,1,0,S,25
82,B,47,1,1,S,75
82,B,48,1,1,S,50
82,B,49,1,1,S,25
82,B,50,1,0,S,80
82,B,51,1,1,S,50
82,B,52,1,0,S,50
82,B,53,1,0,S,50
82,B,54,1,1,S,50
82,B,55,1,0,S,15
82,B,56,1,1,S,50
82,B,57,1,0,S,75
82,B,58,1,1,S,10
82,B,59,1,0,S,50
82,B,60,1,1,S,40
82,B,61,1,0,U,25
82,B,62,1,0,U,20
82,B,63,1,0,U,35
82,B,64,1,0,U,10
82,B,65,1,0,U,10
82,B,66,1,0,U,15
82,B,67,1,0,U,25
82,B,68,1,0,U,20
82,B,69,1,0,U,15
82,B,70,1,0,U,35
82,B,71,1,0,U,50
82,B,72,1,0,U,15
82,B,73,1,0,U,15
82,B,74,1,0,U,20
82,B,75,1,0,U,25
82,B,76,1,0,U,25
82,B,77,1,1,U,15
82,B,78,1,0,U,15
82,B,79,1,0,U,10
82,B,80,1,0,U,80
86,B,1,1,1,F,99
86,B,2,1,0,F,12
86,B,3,1,1,F,100
86,B,4,1,1,F,23
86,B,5,1,0,F,99
86,B,6,1,0,F,99
86,B,7,1,0,F,100
86,B,8,1,1,F,99
86,B,9,1,0,F,99
86,B,10,1,1,F,99
86,B,11,1,0,F,99
86,B,12,1,1,F,100
86,B,13,1,1,F,100
86,B,14,1,0,F,100
86,B,15,1,1,F,98
86,B,16,1,1,F,67
86,B,17,1,0,F,89
86,B,18,1,1,F,88
86,B,19,1,1,F,100
86,B,20,1,1,F,89
86,B,21,1,0,B,22
86,B,22,1,0,B,99
86,B,23,1,0,B,99
86,B,24,1,0,B,22
86,B,25,1,0,B,89
86,B,26,1,0,B,22
86,B,27,1,1,B,55
86,B,28,1,1,B,88
86,B,29,1,1,B,100
86,B,30,1,1,B,48
86,B,31,1,0,B,100
86,B,32,1,0,B,55
86,B,33,1,0,B,99
86,B,34,1,0,B,100
86,B,35,1,0,B,100
86,B,36,1,1,B,100
86,B,37,1,1,B,99
86,B,38,1,0,B,100
86,B,39,1,0,B,100
86,B,40,1,0,B,100
86,B,41,1,1,S,100
86,B,42,1,1,S,99
86,B,43,1,0,S,22
86,B,44,1,0,S,100
86,B,45,1,0,S,100
86,B,46,1,0,S,66
86,B,47,1,1,S,100
86,B,48,1,1,S,100
86,B,49,1,1,S,100
86,B,50,1,0,S,100
86,B,51,1,1,S,100
86,B,52,1,0,S,99
86,B,53,1,1,S,98
86,B,54,1,0,S,100
86,B,55,1,0,S,100
86,B,56,1,1,S,100
86,B,57,1,1,S,76
86,B,58,1,1,S,100
86,B,59,1,1,S,100
86,B,60,1,0,S,100
86,B,61,1,0,U,23
86,B,62,1,0,U,34
86,B,63,1,0,U,33
86,B,64,1,0,U,32
86,B,65,1,0,U,77
86,B,66,1,0,U,100
86,B,67,1,1,U,32
86,B,68,1,0,U,78
86,B,69,1,0,U,66
86,B,70,1,0,U,33
86,B,71,1,0,U,88
86,B,72,1,0,U,43
86,B,73,1,0,U,33
86,B,74,1,0,U,22
86,B,75,1,0,U,56
86,B,76,1,0,U,20
86,B,77,1,0,U,34
86,B,78,1,1,U,33
86,B,79,1,0,U,35
86,B,80,1,0,U,80
90,B,1,1,0,F,90
90,B,2,1,1,F,20
90,B,3,1,1,F,90
90,B,4,1,1,F,100
90,B,5,1,0,F,90
90,B,6,1,1,F,10
90,B,7,1,0,F,80
90,B,8,1,1,F,80
90,B,9,1,1,F,100
90,B,10,1,0,F,100
90,B,11,1,0,F,90
90,B,12,1,1,F,80
90,B,13,1,1,F,10
90,B,14,1,0,F,70
90,B,15,1,1,F,8
90,B,16,1,0,F,90
90,B,17,1,1,F,60
90,B,18,1,1,F,50
90,B,19,1,1,F,70
90,B,20,1,1,F,100
90,B,21,1,0,B,70
90,B,22,1,0,B,80
90,B,23,1,0,B,100
90,B,24,1,1,B,60
90,B,25,1,0,B,60
90,B,26,1,0,B,10
90,B,27,1,1,B,50
90,B,28,1,0,B,90
90,B,29,1,1,B,8
90,B,30,1,0,B,100
90,B,31,1,0,B,100
90,B,32,1,0,B,40
90,B,33,1,1,B,90
90,B,34,1,0,B,20
90,B,35,1,1,B,100
90,B,36,1,1,B,100
90,B,37,1,0,B,75
90,B,38,1,0,B,100
90,B,39,1,1,B,100
90,B,40,1,1,B,90
90,B,41,1,0,S,80
90,B,42,1,1,S,100
90,B,43,1,0,S,100
90,B,44,1,1,S,90
90,B,45,1,1,S,100
90,B,46,1,1,S,85
90,B,47,1,0,S,100
90,B,48,1,0,S,100
90,B,49,1,1,S,50
90,B,50,1,1,S,100
90,B,51,1,0,S,50
90,B,52,1,0,S,100
90,B,53,1,1,S,100
90,B,54,1,1,S,100
90,B,55,1,1,S,89
90,B,56,1,1,S,100
90,B,57,1,0,S,100
90,B,58,1,0,S,70
90,B,59,1,1,S,100
90,B,60,1,0,S,90
90,B,61,1,0,U,0
90,B,62,1,1,U,40
90,B,63,1,0,U,10
90,B,64,1,1,U,20
90,B,65,1,0,U,30
90,B,66,1,0,U,90
90,B,67,1,0,U,70
90,B,68,1,0,U,20
90,B,69,1,0,U,20
90,B,70,1,0,U,30
90,B,71,1,0,U,22
90,B,72,1,0,U,1
90,B,73,1,0,U,30
90,B,74,1,0,U,0
90,B,75,1,0,U,10
90,B,76,1,0,U,30
90,B,77,1,0,U,60
90,B,78,1,0,U,10
90,B,79,1,0,U,22
90,B,80,1,0,U,25
94,B,1,1,1,F,100
94,B,2,1,0,F,60
94,B,3,1,1,F,100
94,B,4,1,0,F,70
94,B,5,1,0,F,30
94,B,6,1,1,F,25
94,B,7,1,0,F,80
94,B,8,1,1,F,100
94,B,9,1,0,F,100
94,B,10,1,0,F,70
94,B,11,1,0,F,100
94,B,12,1,1,F,100
94,B,13,1,1,F,50
94,B,14,1,0,F,100
94,B,15,1,1,F,80
94,B,16,1,0,F,100
94,B,17,1,1,F,100
94,B,18,1,1,F,90
94,B,19,1,0,F,85
94,B,20,1,1,F,90
94,B,21,1,0,B,100
94,B,22,1,0,B,100
94,B,23,1,0,B,70
94,B,24,1,0,B,60
94,B,25,1,0,B,100
94,B,26,1,1,B,0
94,B,27,1,0,B,100
94,B,28,1,1,B,100
94,B,29,1,0,B,100
94,B,30,1,1,B,100
94,B,31,1,0,B,90
94,B,32,1,0,B,100
94,B,33,1,0,B,100
94,B,34,1,0,B,90
94,B,35,1,0,B,0
94,B,36,1,1,B,100
94,B,37,1,0,B,65
94,B,38,1,0,B,100
94,B,39,1,1,B,100
94,B,40,1,0,B,100
94,B,41,1,0,S,75
94,B,42,1,0,S,100
94,B,43,1,1,S,100
94,B,44,1,1,S,70
94,B,45,1,1,S,100
94,B,46,1,1,S,40
94,B,47,1,1,S,100
94,B,48,1,1,S,100
94,B,49,1,1,S,60
94,B,50,1,0,S,100
94,B,51,1,1,S,90
94,B,52,1,0,S,90
94,B,53,1,0,S,100
94,B,54,1,0,S,100
94,B,55,1,0,S,40
94,B,56,1,0,S,80
94,B,57,1,0,S,100
94,B,58,1,0,S,90
94,B,59,1,1,S,100
94,B,60,1,0,S,100
94,B,61,1,1,U,0
94,B,62,1,0,U,60
94,B,63,1,0,U,0
94,B,64,1,0,U,40
94,B,65,1,0,U,30
94,B,66,1,0,U,0
94,B,67,1,0,U,10
94,B,68,1,0,U,35
94,B,69,1,0,U,30
94,B,70,1,0,U,10
94,B,71,1,0,U,0
94,B,72,1,0,U,45
94,B,73,1,0,U,0
94,B,74,1,0,U,20
94,B,75,1,0,U,50
94,B,76,1,0,U,0
94,B,77,1,1,U,40
94,B,78,1,0,U,0
94,B,79,1,0,U,0
94,B,80,1,0,U,54
98,B,1,1,0,F,80
98,B,2,1,0,F,85
98,B,3,1,1,F,85
98,B,4,1,1,F,70
98,B,5,1,1,F,100
98,B,6,1,0,F,45
98,B,7,1,1,F,90
98,B,8,1,1,F,100
98,B,9,1,1,F,100
98,B,10,1,1,F,99
98,B,11,1,1,F,50
98,B,12,1,0,F,65
98,B,13,1,1,F,85
98,B,14,1,1,F,30
98,B,15,1,1,F,90
98,B,16,1,1,F,85
98,B,17,1,1,F,100
98,B,18,1,1,F,90
98,B,19,1,1,F,90
98,B,20,1,1,F,100
98,B,21,1,0,B,90
98,B,22,1,0,B,95
98,B,23,1,0,B,99
98,B,24,1,1,B,90
98,B,25,1,1,B,90
98,B,26,1,1,B,95
98,B,27,1,0,B,0
98,B,28,1,0,B,90
98,B,29,1,1,B,85
98,B,30,1,1,B,55
98,B,31,1,0,B,65
98,B,32,1,0,B,95
98,B,33,1,1,B,99
98,B,34,1,0,B,75
98,B,35,1,0,B,100
98,B,36,1,1,B,95
98,B,37,1,0,B,65
98,B,38,1,0,B,65
98,B,39,1,0,B,95
98,B,40,1,0,B,65
98,B,41,1,1,S,60
98,B,42,1,1,S,90
98,B,43,1,1,S,95
98,B,44,1,1,S,85
98,B,45,1,1,S,90
98,B,46,1,1,S,99
98,B,47,1,0,S,90
98,B,48,1,0,S,99
98,B,49,1,1,S,95
98,B,50,1,1,S,90
98,B,51,1,1,S,95
98,B,52,1,0,S,90
98,B,53,1,1,S,30
98,B,54,1,1,S,95
98,B,55,1,0,S,99
98,B,56,1,1,S,40
98,B,57,1,1,S,90
98,B,58,1,1,S,85
98,B,59,1,1,S,75
98,B,60,1,1,S,100
98,B,61,1,0,U,65
98,B,62,1,1,U,80
98,B,63,1,0,U,10
98,B,64,1,0,U,5
98,B,65,1,0,U,15
98,B,66,1,0,U,5
98,B,67,1,1,U,35
98,B,68,1,0,U,85
98,B,69,1,0,U,0
98,B,70,1,0,U,10
98,B,71,1,0,U,0
98,B,72,1,0,U,0
98,B,73,1,1,U,5
98,B,74,1,0,U,10
98,B,75,1,0,U,60
98,B,76,1,0,U,2
98,B,77,1,0,U,5
98,B,78,1,1,U,10
98,B,79,1,0,U,45
98,B,80,1,0,U,5
102,B,1,1,0,F,87
102,B,2,1,1,F,88
102,B,3,1,1,F,78
102,B,4,1,1,F,40
102,B,5,1,1,F,91
102,B,6,1,1,F,45
102,B,7,1,1,F,95
102,B,8,1,1,F,89
102,B,9,1,1,F,97
102,B,10,1,1,F,89
102,B,11,1,1,F,78
102,B,12,1,1,F,33
102,B,13,1,1,F,44
102,B,14,1,0,F,50
102,B,15,1,1,F,87
102,B,16,1,0,F,60
102,B,17,1,1,F,33
102,B,18,1,0,F,98
102,B,19,1,1,F,76
102,B,20,1,1,F,34
102,B,21,1,0,B,23
102,B,22,1,1,B,65
102,B,23,1,1,B,78
102,B,24,1,0,B,100
102,B,25,1,1,B,90
102,B,26,1,1,B,90
102,B,27,1,0,B,45
102,B,28,1,0,B,78
102,B,29,1,1,B,33
102,B,30,1,0,B,78
102,B,31,1,0,B,60
102,B,32,1,0,B,45
102,B,33,1,1,B,89
102,B,34,1,0,B,55
102,B,35,1,0,B,89
102,B,36,1,1,B,96
102,B,37,1,0,B,50
102,B,38,1,0,B,64
102,B,39,1,1,B,75
102,B,40,1,1,B,78
102,B,41,1,1,S,90
102,B,42,1,1,S,97
102,B,43,1,1,S,94
102,B,44,1,1,S,89
102,B,45,1,1,S,89
102,B,46,1,1,S,40
102,B,47,1,0,S,77
102,B,48,1,0,S,76
102,B,49,1,0,S,67
102,B,50,1,1,S,90
102,B,51,1,1,S,96
102,B,52,1,1,S,80
102,B,53,1,1,S,95
102,B,54,1,0,S,60
102,B,55,1,1,S,88
102,B,56,1,1,S,96
102,B,57,1,0,S,90
102,B,58,1,1,S,53
102,B,59,1,1,S,75
102,B,60,1,0,S,88
102,B,61,1,0,U,12
102,B,62,1,0,U,21
102,B,63,1,0,U,45
102,B,64,1,0,U,23
102,B,65,1,0,U,60
102,B,66,1,0,U,13
102,B,67,1,1,U,80
102,B,68,1,0,U,43
102,B,69,1,0,U,12
102,B,70,1,1,U,50
102,B,71,1,0,U,20
102,B,72,1,1,U,13
102,B,73,1,1,U,15
102,B,74,1,1,U,65
102,B,75,1,0,U,12
102,B,76,1,0,U,3
102,B,77,1,1,U,5
102,B,78,1,1,U,40
102,B,79,1,0,U,20
102,B,80,1,0,U,54
106,B,1,1,1,F,80
106,B,2,1,0,F,10
106,B,3,1,1,F,90
106,B,4,1,1,F,90
106,B,5,1,0,F,90
106,B,6,1,0,F,5
106,B,7,1,1,F,100
106,B,8,1,1,F,90
106,B,9,1,0,F,70
106,B,10,1,0,F,90
106,B,11,1,1,F,90
106,B,12,1,1,F,90
106,B,13,1,1,F,90
106,B,14,1,1,F,95
106,B,15,1,1,F,80
106,B,16,1,1,F,90
106,B,17,1,1,F,45
106,B,18,1,0,F,5
106,B,19,1,1,F,90
106,B,20,1,1,F,90
106,B,21,1,1,B,90
106,B,22,1,0,B,90
106,B,23,1,0,B,90
106,B,24,1,0,B,60
106,B,25,1,0,B,90
106,B,26,1,0,B,10
106,B,27,1,0,B,80
106,B,28,1,0,B,100
106,B,29,1,1,B,80
106,B,30,1,1,B,90
106,B,31,1,0,B,78
106,B,32,1,1,B,90
106,B,33,1,0,B,90
106,B,34,1,1,B,95
106,B,35,1,0,B,90
106,B,36,1,1,B,90
106,B,37,1,0,B,5
106,B,38,1,1,B,90
106,B,39,1,0,B,90
106,B,40,1,1,B,90
106,B,41,1,0,S,90
106,B,42,1,1,S,90
106,B,43,1,1,S,100
106,B,44,1,1,S,90
106,B,45,1,1,S,99
106,B,46,1,1,S,15
106,B,47,1,1,S,80
106,B,48,1,1,S,100
106,B,49,1,1,S,100
106,B,50,1,1,S,100
106,B,51,1,1,S,80
106,B,52,1,0,S,90
106,B,53,1,1,S,80
106,B,54,1,0,S,90
106,B,55,1,1,S,80
106,B,56,1,1,S,90
106,B,57,1,1,S,100
106,B,58,1,0,S,90
106,B,59,1,1,S,90
106,B,60,1,0,S,90
106,B,61,1,0,U,100
106,B,62,1,0,U,10
106,B,63,1,0,U,5
106,B,64,1,0,U,1
106,B,65,1,0,U,1
106,B,66,1,1,U,10
106,B,67,1,0,U,10
106,B,68,1,0,U,40
106,B,69,1,0,U,1
106,B,70,1,0,U,12
106,B,71,1,0,U,10
106,B,72,1,0,U,20
106,B,73,1,1,U,5
106,B,74,1,0,U,10
106,B,75,1,0,U,90
106,B,76,1,0,U,4
106,B,77,1,0,U,3
106,B,78,1,1,U,10
106,B,79,1,0,U,4
106,B,80,1,0,U,54
74,B,1,2,0,F,50
74,B,2,2,1,F,100
74,B,3,2,1,F,0
74,B,4,2,0,F,50
74,B,5,2,0,F,100
74,B,6,2,1,F,50
74,B,7,2,0,F,50
74,B,8,2,1,F,100
74,B,9,2,1,F,50
74,B,10,2,1,F,100
74,B,11,2,1,F,100
74,B,12,2,1,F,100
74,B,13,2,1,F,100
74,B,14,2,1,F,50
74,B,15,2,1,F,50
74,B,16,2,0,F,50
74,B,17,2,1,F,50
74,B,18,2,1,F,100
74,B,19,2,0,F,0
74,B,20,2,0,F,100
74,B,21,2,1,B,100
74,B,22,2,1,B,100
74,B,23,2,0,B,50
74,B,24,2,0,B,50
74,B,25,2,0,B,50
74,B,26,2,1,B,100
74,B,27,2,0,B,100
74,B,28,2,0,B,100
74,B,29,2,1,B,50
74,B,30,2,1,B,50
74,B,31,2,0,B,50
74,B,32,2,1,B,100
74,B,33,2,0,B,50
74,B,34,2,0,B,100
74,B,35,2,0,B,50
74,B,36,2,0,B,100
74,B,37,2,1,B,50
74,B,38,2,1,B,100
74,B,39,2,1,B,100
74,B,40,2,0,B,50
74,B,41,2,1,S,100
74,B,42,2,1,S,50
74,B,43,2,1,S,50
74,B,44,2,0,S,50
74,B,45,2,0,S,100
74,B,46,2,1,S,100
74,B,47,2,1,S,100
74,B,48,2,1,S,100
74,B,49,2,1,S,100
74,B,50,2,0,S,100
74,B,51,2,0,S,100
74,B,52,2,1,S,100
74,B,53,2,1,S,100
74,B,54,2,1,S,50
74,B,55,2,1,S,100
74,B,56,2,1,S,100
74,B,57,2,0,S,100
74,B,58,2,1,S,100
74,B,59,2,0,S,100
74,B,60,2,1,S,100
74,B,61,2,0,U,50
74,B,62,2,0,U,50
74,B,63,2,0,U,50
74,B,64,2,0,U,50
74,B,65,2,0,U,50
74,B,66,2,0,U,50
74,B,67,2,0,U,50
74,B,68,2,0,U,50
74,B,69,2,0,U,50
74,B,70,2,0,U,100
74,B,71,2,0,U,50
74,B,72,2,1,U,50
74,B,73,2,0,U,0
74,B,74,2,0,U,50
74,B,75,2,0,U,100
74,B,76,2,1,U,50
74,B,77,2,0,U,50
74,B,78,2,0,U,50
74,B,79,2,1,U,50
74,B,80,2,0,U,50
78,B,1,2,1,F,100
78,B,2,2,1,F,100
78,B,3,2,0,F,76
78,B,4,2,0,F,10
78,B,5,2,0,F,87
78,B,6,2,0,F,100
78,B,7,2,1,F,67
78,B,8,2,1,F,78
78,B,9,2,1,F,10
78,B,10,2,1,F,100
78,B,11,2,0,F,77
78,B,12,2,0,F,100
78,B,13,2,0,F,45
78,B,14,2,1,F,100
78,B,15,2,1,F,88
78,B,16,2,1,F,65
78,B,17,2,1,F,0
78,B,18,2,1,F,13
78,B,19,2,1,F,76
78,B,20,2,0,F,67
78,B,21,2,1,B,23
78,B,22,2,0,B,80
78,B,23,2,0,B,76
78,B,24,2,0,B,87
78,B,25,2,1,B,88
78,B,26,2,0,B,77
78,B,27,2,0,B,45
78,B,28,2,0,B,70
78,B,29,2,0,B,100
78,B,30,2,1,B,70
78,B,31,2,0,B,87
78,B,32,2,1,B,33
78,B,33,2,0,B,45
78,B,34,2,0,B,70
78,B,35,2,0,B,11
78,B,36,2,0,B,88
78,B,37,2,0,B,34
78,B,38,2,1,B,88
78,B,39,2,0,B,87
78,B,40,2,1,B,89
78,B,41,2,1,S,100
78,B,42,2,0,S,67
78,B,43,2,0,S,67
78,B,44,2,0,S,100
78,B,45,2,1,S,60
78,B,46,2,0,S,87
78,B,47,2,1,S,99
78,B,48,2,0,S,87
78,B,49,2,0,S,66
78,B,50,2,1,S,45
78,B,51,2,1,S,67
78,B,52,2,1,S,88
78,B,53,2,1,S,80
78,B,54,2,1,S,89
78,B,55,2,0,S,87
78,B,56,2,1,S,100
78,B,57,2,1,S,100
78,B,58,2,0,S,100
78,B,59,2,1,S,100
78,B,60,2,1,S,80
78,B,61,2,0,U,88
78,B,62,2,0,U,76
78,B,63,2,0,U,12
78,B,64,2,1,U,0
78,B,65,2,0,U,11
78,B,66,2,0,U,13
78,B,67,2,0,U,33
78,B,68,2,0,U,12
78,B,69,2,0,U,1
78,B,70,2,0,U,22
78,B,71,2,1,U,12
78,B,72,2,0,U,76
78,B,73,2,0,U,11
78,B,74,2,1,U,23
78,B,75,2,0,U,55
78,B,76,2,0,U,44
78,B,77,2,0,U,11
78,B,78,2,0,U,11
78,B,79,2,0,U,12
78,B,80,2,0,U,76
82,B,1,2,1,F,75
82,B,2,2,1,F,60
82,B,3,2,1,F,25
82,B,4,2,0,F,10
82,B,5,2,0,F,25
82,B,6,2,0,F,75
82,B,7,2,0,F,25
82,B,8,2,1,F,25
82,B,9,2,1,F,40
82,B,10,2,1,F,100
82,B,11,2,0,F,15
82,B,12,2,1,F,50
82,B,13,2,1,F,25
82,B,14,2,0,F,35
82,B,15,2,1,F,40
82,B,16,2,1,F,50
82,B,17,2,1,F,25
82,B,18,2,1,F,80
82,B,19,2,1,F,40
82,B,20,2,1,F,20
82,B,21,2,0,B,30
82,B,22,2,0,B,40
82,B,23,2,0,B,25
82,B,24,2,0,B,25
82,B,25,2,1,B,40
82,B,26,2,1,B,15
82,B,27,2,1,B,15
82,B,28,2,0,B,35
82,B,29,2,0,B,60
82,B,30,2,1,B,75
82,B,31,2,0,B,15
82,B,32,2,0,B,25
82,B,33,2,0,B,50
82,B,34,2,0,B,50
82,B,35,2,0,B,35
82,B,36,2,1,B,50
82,B,37,2,1,B,60
82,B,38,2,0,B,50
82,B,39,2,0,B,40
82,B,40,2,0,B,40
82,B,41,2,1,S,38
82,B,42,2,0,S,30
82,B,43,2,0,S,50
82,B,44,2,1,S,35
82,B,45,2,1,S,40
82,B,46,2,1,S,75
82,B,47,2,1,S,40
82,B,48,2,1,S,35
82,B,49,2,1,S,90
82,B,50,2,0,S,40
82,B,51,2,1,S,60
82,B,52,2,0,S,30
82,B,53,2,1,S,55
82,B,54,2,1,S,0
82,B,55,2,0,S,0
82,B,56,2,1,S,30
82,B,57,2,1,S,75
82,B,58,2,1,S,75
82,B,59,2,0,S,75
82,B,60,2,1,S,75
82,B,61,2,0,U,25
82,B,62,2,0,U,25
82,B,63,2,0,U,10
82,B,64,2,0,U,40
82,B,65,2,0,U,35
82,B,66,2,0,U,15
82,B,67,2,0,U,0
82,B,68,2,0,U,25
82,B,69,2,0,U,20
82,B,70,2,1,U,25
82,B,71,2,0,U,25
82,B,72,2,0,U,25
82,B,73,2,0,U,10
82,B,74,2,0,U,15
82,B,75,2,0,U,25
82,B,76,2,0,U,35
82,B,77,2,0,U,15
82,B,78,2,0,U,15
82,B,79,2,0,U,15
82,B,80,2,0,U,15
86,B,1,2,1,F,99
86,B,2,2,1,F,88
86,B,3,2,1,F,77
86,B,4,2,0,F,55
86,B,5,2,0,F,100
86,B,6,2,0,F,66
86,B,7,2,0,F,77
86,B,8,2,0,F,66
86,B,9,2,0,F,66
86,B,10,2,1,F,88
86,B,11,2,1,F,55
86,B,12,2,1,F,77
86,B,13,2,0,F,55
86,B,14,2,0,F,77
86,B,15,2,1,F,77
86,B,16,2,0,F,77
86,B,17,2,1,F,7
86,B,18,2,1,F,66
86,B,19,2,1,F,88
86,B,20,2,1,F,22
86,B,21,2,0,B,66
86,B,22,2,1,B,77
86,B,23,2,1,B,77
86,B,24,2,0,B,77
86,B,25,2,1,B,55
86,B,26,2,1,B,66
86,B,27,2,1,B,77
86,B,28,2,0,B,88
86,B,29,2,0,B,66
86,B,30,2,0,B,66
86,B,31,2,0,B,88
86,B,32,2,0,B,9
86,B,33,2,0,B,77
86,B,34,2,0,B,66
86,B,35,2,1,B,77
86,B,36,2,0,B,66
86,B,37,2,0,B,56
86,B,38,2,0,B,44
86,B,39,2,0,B,77
86,B,40,2,0,B,88
86,B,41,2,0,S,22
86,B,42,2,0,S,77
86,B,43,2,0,S,55
86,B,44,2,0,S,33
86,B,45,2,1,S,77
86,B,46,2,0,S,55
86,B,47,2,0,S,55
86,B,48,2,1,S,77
86,B,49,2,1,S,88
86,B,50,2,0,S,55
86,B,51,2,0,S,55
86,B,52,2,1,S,77
86,B,53,2,0,S,3
86,B,54,2,0,S,33
86,B,55,2,0,S,66
86,B,56,2,1,S,88
86,B,57,2,1,S,77
86,B,58,2,1,S,77
86,B,59,2,0,S,44
86,B,60,2,0,S,55
86,B,61,2,0,U,88
86,B,62,2,0,U,77
86,B,63,2,0,U,55
86,B,64,2,0,U,0
86,B,65,2,0,U,88
86,B,66,2,0,U,66
86,B,67,2,0,U,88
86,B,68,2,0,U,55
86,B,69,2,0,U,77
86,B,70,2,0,U,77
86,B,71,2,1,U,33
86,B,72,2,0,U,77
86,B,73,2,0,U,77
86,B,74,2,0,U,6
86,B,75,2,0,U,77
86,B,76,2,0,U,77
86,B,77,2,0,U,88
86,B,78,2,0,U,77
86,B,79,2,0,U,0
86,B,80,2,0,U,55
90,B,1,2,1,F,10
90,B,2,2,1,F,90
90,B,3,2,1,F,90
90,B,4,2,0,F,0
90,B,5,2,1,F,20
90,B,6,2,0,F,25
90,B,7,2,0,F,30
90,B,8,2,0,F,50
90,B,9,2,0,F,80
90,B,10,2,1,F,90
90,B,11,2,0,F,70
90,B,12,2,1,F,90
90,B,13,2,0,F,50
90,B,14,2,1,F,60
90,B,15,2,1,F,80
90,B,16,2,1,F,60
90,B,17,2,1,F,90
90,B,18,2,1,F,100
90,B,19,2,0,F,40
90,B,20,2,1,F,100
90,B,21,2,0,B,50
90,B,22,2,0,B,100
90,B,23,2,0,B,50
90,B,24,2,0,B,0
90,B,25,2,1,B,90
90,B,26,2,0,B,60
90,B,27,2,1,B,40
90,B,28,2,0,B,80
90,B,29,2,0,B,20
90,B,30,2,1,B,60
90,B,31,2,1,B,70
90,B,32,2,0,B,90
90,B,33,2,0,B,10
90,B,34,2,0,B,30
90,B,35,2,0,B,10
90,B,36,2,0,B,90
90,B,37,2,0,B,10
90,B,38,2,0,B,100
90,B,39,2,1,B,80
90,B,40,2,0,B,40
90,B,41,2,0,S,100
90,B,42,2,0,S,20
90,B,43,2,0,S,40
90,B,44,2,0,S,80
90,B,45,2,1,S,60
90,B,46,2,0,S,90
90,B,47,2,1,S,100
90,B,48,2,1,S,100
90,B,49,2,0,S,90
90,B,50,2,0,S,60
90,B,51,2,0,S,50
90,B,52,2,1,S,20
90,B,53,2,1,S,100
90,B,54,2,0,S,80
90,B,55,2,0,S,40
90,B,56,2,0,S,100
90,B,57,2,0,S,50
90,B,58,2,1,S,100
90,B,59,2,0,S,90
90,B,60,2,1,S,60
90,B,61,2,0,U,0
90,B,62,2,0,U,0
90,B,63,2,0,U,10
90,B,64,2,0,U,40
90,B,65,2,0,U,0
90,B,66,2,0,U,10
90,B,67,2,0,U,0
90,B,68,2,0,U,0
90,B,69,2,0,U,0
90,B,70,2,0,U,10
90,B,71,2,0,U,10
90,B,72,2,0,U,90
90,B,73,2,0,U,0
90,B,74,2,0,U,10
90,B,75,2,0,U,10
90,B,76,2,0,U,10
90,B,77,2,0,U,50
90,B,78,2,0,U,30
90,B,79,2,0,U,40
90,B,80,2,0,U,20
94,B,1,2,1,F,90
94,B,2,2,0,F,80
94,B,3,2,1,F,0
94,B,4,2,0,F,70
94,B,5,2,0,F,50
94,B,6,2,0,F,90
94,B,7,2,1,F,80
94,B,8,2,1,F,70
94,B,9,2,0,F,20
94,B,10,2,0,F,100
94,B,11,2,0,F,100
94,B,12,2,0,F,80
94,B,13,2,1,F,90
94,B,14,2,0,F,70
94,B,15,2,0,F,100
94,B,16,2,0,F,90
94,B,17,2,1,F,20
94,B,18,2,0,F,90
94,B,19,2,1,F,70
94,B,20,2,0,F,90
94,B,21,2,0,B,80
94,B,22,2,0,B,90
94,B,23,2,1,B,90
94,B,24,2,0,B,80
94,B,25,2,0,B,80
94,B,26,2,1,B,100
94,B,27,2,0,B,90
94,B,28,2,1,B,90
94,B,29,2,0,B,100
94,B,30,2,0,B,90
94,B,31,2,1,B,90
94,B,32,2,0,B,100
94,B,33,2,0,B,80
94,B,34,2,0,B,60
94,B,35,2,0,B,70
94,B,36,2,0,B,80
94,B,37,2,0,B,70
94,B,38,2,0,B,100
94,B,39,2,0,B,100
94,B,40,2,1,B,100
94,B,41,2,0,S,100
94,B,42,2,0,S,90
94,B,43,2,1,S,100
94,B,44,2,0,S,90
94,B,45,2,1,S,1
94,B,46,2,0,S,80
94,B,47,2,0,S,90
94,B,48,2,0,S,90
94,B,49,2,1,S,0
94,B,50,2,0,S,100
94,B,51,2,0,S,100
94,B,52,2,0,S,80
94,B,53,2,1,S,100
94,B,54,2,1,S,75
94,B,55,2,0,S,90
94,B,56,2,0,S,85
94,B,57,2,1,S,90
94,B,58,2,0,S,100
94,B,59,2,0,S,90
94,B,60,2,1,S,100
94,B,61,2,0,U,30
94,B,62,2,0,U,70
94,B,63,2,0,U,10
94,B,64,2,0,U,30
94,B,65,2,0,U,20
94,B,66,2,0,U,34
94,B,67,2,0,U,30
94,B,68,2,0,U,0
94,B,69,2,0,U,30
94,B,70,2,0,U,90
94,B,71,2,0,U,30
94,B,72,2,0,U,2
94,B,73,2,0,U,0
94,B,74,2,0,U,25
94,B,75,2,0,U,10
94,B,76,2,0,U,20
94,B,77,2,0,U,20
94,B,78,2,0,U,20
94,B,79,2,0,U,0
94,B,80,2,0,U,40
98,B,1,2,0,F,80
98,B,2,2,1,F,65
98,B,3,2,1,F,45
98,B,4,2,1,F,5
98,B,5,2,0,F,65
98,B,6,2,0,F,65
98,B,7,2,1,F,80
98,B,8,2,1,F,65
98,B,9,2,1,F,80
98,B,10,2,1,F,80
98,B,11,2,0,F,50
98,B,12,2,1,F,75
98,B,13,2,1,F,70
98,B,14,2,0,F,80
98,B,15,2,1,F,60
98,B,16,2,1,F,75
98,B,17,2,1,F,75
98,B,18,2,0,F,80
98,B,19,2,0,F,85
98,B,20,2,1,F,80
98,B,21,2,0,B,30
98,B,22,2,0,B,8
98,B,23,2,0,B,50
98,B,24,2,0,B,60
98,B,25,2,1,B,85
98,B,26,2,1,B,85
98,B,27,2,0,B,65
98,B,28,2,0,B,55
98,B,29,2,1,B,75
98,B,30,2,0,B,60
98,B,31,2,1,B,5
98,B,32,2,0,B,75
98,B,33,2,0,B,80
98,B,34,2,0,B,65
98,B,35,2,0,B,65
98,B,36,2,1,B,70
98,B,37,2,1,B,75
98,B,38,2,0,B,40
98,B,39,2,1,B,50
98,B,40,2,1,B,75
98,B,41,2,0,S,45
98,B,42,2,0,S,75
98,B,43,2,0,S,40
98,B,44,2,0,S,85
98,B,45,2,0,S,70
98,B,46,2,1,S,90
98,B,47,2,1,S,80
98,B,48,2,0,S,75
98,B,49,2,0,S,65
98,B,50,2,0,S,60
98,B,51,2,1,S,75
98,B,52,2,0,S,55
98,B,53,2,1,S,50
98,B,54,2,0,S,75
98,B,55,2,0,S,65
98,B,56,2,1,S,65
98,B,57,2,0,S,75
98,B,58,2,1,S,70
98,B,59,2,1,S,70
98,B,60,2,1,S,90
98,B,61,2,0,U,0
98,B,62,2,0,U,30
98,B,63,2,0,U,0
98,B,64,2,1,U,5
98,B,65,2,0,U,5
98,B,66,2,0,U,0
98,B,67,2,0,U,10
98,B,68,2,0,U,30
98,B,69,2,0,U,5
98,B,70,2,0,U,30
98,B,71,2,0,U,5
98,B,72,2,0,U,50
98,B,73,2,0,U,0
98,B,74,2,0,U,30
98,B,75,2,0,U,5
98,B,76,2,0,U,0
98,B,77,2,0,U,5
98,B,78,2,0,U,5
98,B,79,2,0,U,5
98,B,80,2,0,U,5
102,B,1,2,1,F,90
102,B,2,2,1,F,87
102,B,3,2,1,F,45
102,B,4,2,1,F,77
102,B,5,2,0,F,50
102,B,6,2,0,F,78
102,B,7,2,1,F,90
102,B,8,2,1,F,50
102,B,9,2,1,F,50
102,B,10,2,1,F,90
102,B,11,2,0,F,90
102,B,12,2,0,F,77
102,B,13,2,1,F,77
102,B,14,2,1,F,89
102,B,15,2,1,F,90
102,B,16,2,1,F,77
102,B,17,2,1,F,90
102,B,18,2,1,F,99
102,B,19,2,1,F,90
102,B,20,2,1,F,90
102,B,21,2,0,B,90
102,B,22,2,0,B,80
102,B,23,2,1,B,31
102,B,24,2,0,B,80
102,B,25,2,1,B,56
102,B,26,2,1,B,65
102,B,27,2,1,B,43
102,B,28,2,0,B,89
102,B,29,2,0,B,90
102,B,30,2,0,B,67
102,B,31,2,0,B,67
102,B,32,2,0,B,90
102,B,33,2,0,B,90
102,B,34,2,0,B,75
102,B,35,2,0,B,75
102,B,36,2,1,B,88
102,B,37,2,0,B,75
102,B,38,2,0,B,60
102,B,39,2,1,B,100
102,B,40,2,1,B,90
102,B,41,2,1,S,89
102,B,42,2,1,S,45
102,B,43,2,0,S,75
102,B,44,2,0,S,80
102,B,45,2,0,S,85
102,B,46,2,0,S,90
102,B,47,2,1,S,90
102,B,48,2,1,S,54
102,B,49,2,1,S,100
102,B,50,2,1,S,78
102,B,51,2,0,S,33
102,B,52,2,1,S,90
102,B,53,2,1,S,80
102,B,54,2,0,S,90
102,B,55,2,1,S,90
102,B,56,2,1,S,80
102,B,57,2,0,S,90
102,B,58,2,1,S,89
102,B,59,2,1,S,80
102,B,60,2,1,S,89
102,B,61,2,0,U,22
102,B,62,2,0,U,67
102,B,63,2,1,U,50
102,B,64,2,0,U,78
102,B,65,2,0,U,13
102,B,66,2,0,U,10
102,B,67,2,0,U,89
102,B,68,2,0,U,30
102,B,69,2,0,U,80
102,B,70,2,0,U,43
102,B,71,2,0,U,12
102,B,72,2,0,U,90
102,B,73,2,0,U,23
102,B,74,2,0,U,80
102,B,75,2,0,U,50
102,B,76,2,0,U,75
102,B,77,2,0,U,32
102,B,78,2,0,U,12
102,B,79,2,0,U,70
102,B,80,2,1,U,90
106,B,1,2,1,F,90
106,B,2,2,0,F,100
106,B,3,2,1,F,78
106,B,4,2,1,F,50
106,B,5,2,0,F,6
106,B,6,2,1,F,90
106,B,7,2,1,F,5
106,B,8,2,1,F,90
106,B,9,2,0,F,75
106,B,10,2,1,F,90
106,B,11,2,0,F,75
106,B,12,2,1,F,80
106,B,13,2,1,F,90
106,B,14,2,1,F,10
106,B,15,2,0,F,90
106,B,16,2,1,F,10
106,B,17,2,1,F,90
106,B,18,2,0,F,90
106,B,19,2,1,F,90
106,B,20,2,1,F,80
106,B,21,2,1,B,90
106,B,22,2,0,B,90
106,B,23,2,0,B,90
106,B,24,2,0,B,70
106,B,25,2,1,B,90
106,B,26,2,1,B,90
106,B,27,2,1,B,90
106,B,28,2,0,B,50
106,B,29,2,1,B,90
106,B,30,2,0,B,90
106,B,31,2,0,B,90
106,B,32,2,1,B,40
106,B,33,2,0,B,90
106,B,34,2,0,B,50
106,B,35,2,0,B,90
106,B,36,2,1,B,90
106,B,37,2,0,B,90
106,B,38,2,0,B,90
106,B,39,2,1,B,90
106,B,40,2,1,B,75
106,B,41,2,0,S,90
106,B,42,2,0,S,90
106,B,43,2,0,S,90
106,B,44,2,1,S,80
106,B,45,2,0,S,90
106,B,46,2,0,S,90
106,B,47,2,1,S,50
106,B,48,2,1,S,5
106,B,49,2,0,S,90
106,B,50,2,1,S,5
106,B,51,2,0,S,90
106,B,52,2,1,S,40
106,B,53,2,0,S,10
106,B,54,2,0,S,90
106,B,55,2,1,S,100
106,B,56,2,1,S,90
106,B,57,2,1,S,5
106,B,58,2,1,S,100
106,B,59,2,0,S,90
106,B,60,2,1,S,90
106,B,61,2,0,U,5
106,B,62,2,0,U,4
106,B,63,2,0,U,10
106,B,64,2,1,U,5
106,B,65,2,0,U,5
106,B,66,2,0,U,90
106,B,67,2,0,U,5
106,B,68,2,0,U,10
106,B,69,2,0,U,5
106,B,70,2,0,U,10
106,B,71,2,0,U,10
106,B,72,2,0,U,4
106,B,73,2,0,U,5
106,B,74,2,0,U,4
106,B,75,2,0,U,5
106,B,76,2,0,U,4
106,B,77,2,0,U,5
106,B,78,2,0,U,10
106,B,79,2,0,U,10
106,B,80,2,0,U,5
79,C,1,1,1,F,100
79,C,2,1,1,F,0
79,C,3,1,1,F,50
79,C,4,1,1,F,60
79,C,5,1,1,F,100
79,C,6,1,1,F,75
79,C,7,1,0,F,75
79,C,8,1,1,F,85
79,C,9,1,0,F,100
79,C,10,1,1,F,85
79,C,11,1,0,F,45
79,C,12,1,1,F,100
79,C,13,1,1,F,100
79,C,14,1,1,F,0
79,C,15,1,0,F,25
79,C,16,1,0,F,100
79,C,17,1,0,F,95
79,C,18,1,1,F,100
79,C,19,1,1,F,100
79,C,20,1,0,F,50
79,C,21,1,1,B,100
79,C,22,1,1,B,75
79,C,23,1,0,B,95
79,C,24,1,0,B,75
79,C,25,1,1,B,50
79,C,26,1,0,B,0
79,C,27,1,0,B,100
79,C,28,1,0,B,100
79,C,29,1,1,B,100
79,C,30,1,1,B,0
79,C,31,1,1,B,100
79,C,32,1,0,B,50
79,C,33,1,1,B,0
79,C,34,1,1,B,95
79,C,35,1,1,B,85
79,C,36,1,1,B,50
79,C,37,1,0,B,95
79,C,38,1,1,B,50
79,C,39,1,1,B,100
79,C,40,1,0,B,95
79,C,41,1,0,S,100
79,C,42,1,0,S,100
79,C,43,1,1,S,85
79,C,44,1,0,S,100
79,C,45,1,1,S,100
79,C,46,1,0,S,25
79,C,47,1,1,S,75
79,C,48,1,0,S,100
79,C,49,1,0,S,100
79,C,50,1,1,S,100
79,C,51,1,1,S,100
79,C,52,1,1,S,100
79,C,53,1,1,S,95
79,C,54,1,0,S,100
79,C,55,1,1,S,75
79,C,56,1,1,S,50
79,C,57,1,0,S,100
79,C,58,1,1,S,75
79,C,59,1,1,S,100
79,C,60,1,1,S,100
79,C,61,1,0,U,0
79,C,62,1,0,U,0
79,C,63,1,1,U,0
79,C,64,1,1,U,0
79,C,65,1,0,U,0
79,C,66,1,1,U,0
79,C,67,1,0,U,0
79,C,68,1,0,U,0
79,C,69,1,0,U,0
79,C,70,1,1,U,0
79,C,71,1,1,U,0
79,C,72,1,1,U,0
79,C,73,1,0,U,0
79,C,74,1,1,U,0
79,C,75,1,0,U,0
79,C,76,1,0,U,0
79,C,77,1,0,U,0
79,C,78,1,0,U,0
79,C,79,1,1,U,0
79,C,80,1,0,U,0
87,C,1,1,0,F,70
87,C,2,1,1,F,90
87,C,3,1,0,F,90
87,C,4,1,0,F,56
87,C,5,1,0,F,90
87,C,6,1,0,F,80
87,C,7,1,0,F,90
87,C,8,1,0,F,80
87,C,9,1,1,F,80
87,C,10,1,1,F,90
87,C,11,1,0,F,90
87,C,12,1,0,F,10
87,C,13,1,1,F,70
87,C,14,1,1,F,40
87,C,15,1,1,F,100
87,C,16,1,1,F,70
87,C,17,1,1,F,90
87,C,18,1,0,F,90
87,C,19,1,0,F,90
87,C,20,1,1,F,80
87,C,21,1,0,B,67
87,C,22,1,0,B,100
87,C,23,1,0,B,0
87,C,24,1,0,B,90
87,C,25,1,0,B,90
87,C,26,1,0,B,50
87,C,27,1,0,B,90
87,C,28,1,0,B,78
87,C,29,1,0,B,90
87,C,30,1,0,B,14
87,C,31,1,0,B,90
87,C,32,1,0,B,80
87,C,33,1,0,B,80
87,C,34,1,0,B,70
87,C,35,1,0,B,70
87,C,36,1,0,B,90
87,C,37,1,0,B,80
87,C,38,1,0,B,60
87,C,39,1,0,B,70
87,C,40,1,0,B,90
87,C,41,1,0,S,90
87,C,42,1,0,S,90
87,C,43,1,1,S,90
87,C,44,1,0,S,90
87,C,45,1,0,S,90
87,C,46,1,0,S,0
87,C,47,1,0,S,80
87,C,48,1,0,S,80
87,C,49,1,1,S,67
87,C,50,1,0,S,80
87,C,51,1,1,S,90
87,C,52,1,0,S,100
87,C,53,1,0,S,100
87,C,54,1,0,S,90
87,C,55,1,0,S,90
87,C,56,1,1,S,80
87,C,57,1,0,S,60
87,C,58,1,0,S,86
87,C,59,1,0,S,90
87,C,60,1,0,S,70
87,C,61,1,0,U,10
87,C,62,1,0,U,10
87,C,63,1,0,U,12
87,C,64,1,0,U,15
87,C,65,1,0,U,0
87,C,66,1,0,U,15
87,C,67,1,0,U,10
87,C,68,1,0,U,15
87,C,69,1,0,U,10
87,C,70,1,0,U,12
87,C,71,1,0,U,20
87,C,72,1,0,U,30
87,C,73,1,0,U,10
87,C,74,1,0,U,10
87,C,75,1,0,U,12
87,C,76,1,0,U,14
87,C,77,1,0,U,10
87,C,78,1,0,U,10
87,C,79,1,0,U,12
87,C,80,1,0,U,10
91,C,1,1,0,F,100
91,C,2,1,1,F,100
91,C,3,1,1,F,90
91,C,4,1,1,F,65
91,C,5,1,0,F,85
91,C,6,1,0,F,100
91,C,7,1,0,F,100
91,C,8,1,1,F,100
91,C,9,1,0,F,100
91,C,10,1,0,F,100
91,C,11,1,0,F,75
91,C,12,1,1,F,100
91,C,13,1,1,F,100
91,C,14,1,0,F,90
91,C,15,1,1,F,100
91,C,16,1,1,F,100
91,C,17,1,1,F,100
91,C,18,1,0,F,55
91,C,19,1,1,F,100
91,C,20,1,0,F,85
91,C,21,1,0,B,95
91,C,22,1,0,B,100
91,C,23,1,0,B,75
91,C,24,1,0,B,80
91,C,25,1,0,B,100
91,C,26,1,0,B,50
91,C,27,1,0,B,80
91,C,28,1,0,B,100
91,C,29,1,0,B,100
91,C,30,1,0,B,75
91,C,31,1,0,B,80
91,C,32,1,0,B,95
91,C,33,1,0,B,100
91,C,34,1,1,B,95
91,C,35,1,0,B,95
91,C,36,1,1,B,100
91,C,37,1,0,B,80
91,C,38,1,0,B,100
91,C,39,1,0,B,100
91,C,40,1,0,B,85
91,C,41,1,0,S,100
91,C,42,1,0,S,90
91,C,43,1,0,S,100
91,C,44,1,0,S,90
91,C,45,1,0,S,100
91,C,46,1,1,S,65
91,C,47,1,1,S,100
91,C,48,1,1,S,90
91,C,49,1,1,S,100
91,C,50,1,0,S,100
91,C,51,1,1,S,100
91,C,52,1,0,S,100
91,C,53,1,1,S,100
91,C,54,1,0,S,90
91,C,55,1,0,S,95
91,C,56,1,1,S,100
91,C,57,1,1,S,100
91,C,58,1,0,S,95
91,C,59,1,0,S,100
91,C,60,1,0,S,100
91,C,61,1,0,U,70
91,C,62,1,0,U,45
91,C,63,1,0,U,45
91,C,64,1,0,U,75
91,C,65,1,0,U,40
91,C,66,1,0,U,45
91,C,67,1,0,U,35
91,C,68,1,0,U,50
91,C,69,1,0,U,70
91,C,70,1,0,U,75
91,C,71,1,0,U,60
91,C,72,1,0,U,60
91,C,73,1,0,U,55
91,C,74,1,0,U,60
91,C,75,1,0,U,45
91,C,76,1,0,U,55
91,C,77,1,0,U,55
91,C,78,1,0,U,45
91,C,79,1,0,U,35
91,C,80,1,0,U,75
95,C,1,1,0,F,45
95,C,2,1,0,F,58
95,C,3,1,1,F,78
95,C,4,1,1,F,16
95,C,5,1,0,F,85
95,C,6,1,0,F,35
95,C,7,1,0,F,97
95,C,8,1,1,F,20
95,C,9,1,1,F,57
95,C,10,1,0,F,30
95,C,11,1,0,F,50
95,C,12,1,0,F,52
95,C,13,1,0,F,79
95,C,14,1,1,F,45
95,C,15,1,0,F,74
95,C,16,1,0,F,49
95,C,17,1,0,F,76
95,C,18,1,0,F,57
95,C,19,1,1,F,100
95,C,20,1,1,F,96
95,C,21,1,0,B,30
95,C,22,1,0,B,67
95,C,23,1,0,B,30
95,C,24,1,0,B,30
95,C,25,1,1,B,100
95,C,26,1,0,B,65
95,C,27,1,0,B,46
95,C,28,1,0,B,76
95,C,29,1,0,B,64
95,C,30,1,1,B,40
95,C,31,1,0,B,94
95,C,32,1,0,B,100
95,C,33,1,0,B,54
95,C,34,1,0,B,42
95,C,35,1,0,B,25
95,C,36,1,0,B,67
95,C,37,1,0,B,35
95,C,38,1,0,B,45
95,C,39,1,0,B,100
95,C,40,1,1,B,86
95,C,41,1,0,S,35
95,C,42,1,0,S,25
95,C,43,1,0,S,46
95,C,44,1,0,S,96
95,C,45,1,0,S,73
95,C,46,1,1,S,34
95,C,47,1,0,S,30
95,C,48,1,1,S,34
95,C,49,1,1,S,36
95,C,50,1,1,S,58
95,C,51,1,1,S,7
95,C,52,1,1,S,57
95,C,53,1,0,S,32
95,C,54,1,0,S,33
95,C,55,1,0,S,70
95,C,56,1,1,S,30
95,C,57,1,0,S,86
95,C,58,1,1,S,40
95,C,59,1,0,S,54
95,C,60,1,1,S,20
95,C,61,1,0,U,100
95,C,62,1,0,U,100
95,C,63,1,0,U,60
95,C,64,1,0,U,50
95,C,65,1,0,U,43
95,C,66,1,0,U,76
95,C,67,1,0,U,48
95,C,68,1,0,U,93
95,C,69,1,1,U,100
95,C,70,1,0,U,40
95,C,71,1,0,U,80
95,C,72,1,0,U,47
95,C,73,1,0,U,50
95,C,74,1,0,U,76
95,C,75,1,0,U,60
95,C,76,1,0,U,36
95,C,77,1,0,U,26
95,C,78,1,0,U,30
95,C,79,1,0,U,65
95,C,80,1,0,U,25
99,C,1,1,1,F,45
99,C,2,1,1,F,60
99,C,3,1,1,F,45
99,C,4,1,0,F,15
99,C,5,1,1,F,60
99,C,6,1,0,F,45
99,C,7,1,1,F,50
99,C,8,1,1,F,65
99,C,9,1,1,F,70
99,C,10,1,1,F,34
99,C,11,1,1,F,10
99,C,12,1,0,F,50
99,C,13,1,1,F,100
99,C,14,1,0,F,10
99,C,15,1,0,F,30
99,C,16,1,1,F,50
99,C,17,1,1,F,70
99,C,18,1,0,F,65
99,C,19,1,1,F,60
99,C,20,1,1,F,15
99,C,21,1,0,B,55
99,C,22,1,1,B,45
99,C,23,1,0,B,65
99,C,24,1,0,B,45
99,C,25,1,1,B,35
99,C,26,1,0,B,20
99,C,27,1,0,B,45
99,C,28,1,1,B,65
99,C,29,1,1,B,70
99,C,30,1,0,B,10
99,C,31,1,0,B,65
99,C,32,1,0,B,40
99,C,33,1,0,B,85
99,C,34,1,1,B,45
99,C,35,1,0,B,35
99,C,36,1,0,B,65
99,C,37,1,1,B,70
99,C,38,1,0,B,45
99,C,39,1,0,B,65
99,C,40,1,1,B,35
99,C,41,1,1,S,95
99,C,42,1,0,S,50
99,C,43,1,0,S,55
99,C,44,1,0,S,50
99,C,45,1,1,S,50
99,C,46,1,0,S,20
99,C,47,1,1,S,75
99,C,48,1,1,S,50
99,C,49,1,1,S,35
99,C,50,1,1,S,85
99,C,51,1,1,S,70
99,C,52,1,1,S,65
99,C,53,1,1,S,70
99,C,54,1,1,S,50
99,C,55,1,0,S,85
99,C,56,1,1,S,85
99,C,57,1,0,S,70
99,C,58,1,0,S,85
99,C,59,1,0,S,35
99,C,60,1,1,S,45
99,C,61,1,0,U,10
99,C,62,1,0,U,10
99,C,63,1,0,U,10
99,C,64,1,1,U,20
99,C,65,1,0,U,10
99,C,66,1,0,U,10
99,C,67,1,0,U,10
99,C,68,1,0,U,10
99,C,69,1,0,U,10
99,C,70,1,0,U,25
99,C,71,1,0,U,10
99,C,72,1,0,U,10
99,C,73,1,1,U,10
99,C,74,1,0,U,10
99,C,75,1,0,U,10
99,C,76,1,0,U,10
99,C,77,1,0,U,10
99,C,78,1,0,U,10
99,C,79,1,0,U,10
99,C,80,1,0,U,10
103,C,1,1,0,F,60
103,C,2,1,0,F,95
103,C,3,1,1,F,90
103,C,4,1,1,F,95
103,C,5,1,1,F,90
103,C,6,1,1,F,95
103,C,7,1,1,F,75
103,C,8,1,0,F,90
103,C,9,1,1,F,100
103,C,10,1,1,F,100
103,C,11,1,1,F,20
103,C,12,1,1,F,100
103,C,13,1,1,F,85
103,C,14,1,1,F,90
103,C,15,1,0,F,80
103,C,16,1,1,F,85
103,C,17,1,0,F,100
103,C,18,1,1,F,95
103,C,19,1,1,F,90
103,C,20,1,1,F,100
103,C,21,1,0,B,75
103,C,22,1,1,B,100
103,C,23,1,0,B,50
103,C,24,1,0,B,90
103,C,25,1,0,B,95
103,C,26,1,1,B,55
103,C,27,1,0,B,85
103,C,28,1,0,B,5
103,C,29,1,1,B,95
103,C,30,1,0,B,40
103,C,31,1,0,B,100
103,C,32,1,1,B,75
103,C,33,1,1,B,85
103,C,34,1,0,B,90
103,C,35,1,1,B,100
103,C,36,1,0,B,85
103,C,37,1,0,B,90
103,C,38,1,1,B,90
103,C,39,1,0,B,95
103,C,40,1,0,B,50
103,C,41,1,1,S,95
103,C,42,1,1,S,90
103,C,43,1,1,S,65
103,C,44,1,0,S,50
103,C,45,1,1,S,100
103,C,46,1,1,S,85
103,C,47,1,1,S,85
103,C,48,1,1,S,95
103,C,49,1,1,S,100
103,C,50,1,1,S,90
103,C,51,1,1,S,90
103,C,52,1,0,S,50
103,C,53,1,1,S,100
103,C,54,1,1,S,98
103,C,55,1,1,S,95
103,C,56,1,0,S,95
103,C,57,1,1,S,95
103,C,58,1,1,S,100
103,C,59,1,1,S,100
103,C,60,1,1,S,100
103,C,61,1,0,U,5
103,C,62,1,0,U,0
103,C,63,1,0,U,0
103,C,64,1,0,U,25
103,C,65,1,0,U,0
103,C,66,1,0,U,65
103,C,67,1,0,U,0
103,C,68,1,0,U,0
103,C,69,1,0,U,30
103,C,70,1,0,U,90
103,C,71,1,0,U,50
103,C,72,1,0,U,25
103,C,73,1,0,U,10
103,C,74,1,0,U,0
103,C,75,1,0,U,15
103,C,76,1,0,U,0
103,C,77,1,0,U,0
103,C,78,1,0,U,0
103,C,79,1,0,U,0
103,C,80,1,0,U,25
79,C,1,2,0,F,95
79,C,2,2,1,F,100
79,C,3,2,1,F,90
79,C,4,2,1,F,50
79,C,5,2,1,F,100
79,C,6,2,0,F,0
79,C,7,2,1,F,0
79,C,8,2,1,F,95
79,C,9,2,1,F,100
79,C,10,2,1,F,100
79,C,11,2,1,F,100
79,C,12,2,1,F,0
79,C,13,2,1,F,100
79,C,14,2,0,F,90
79,C,15,2,1,F,50
79,C,16,2,0,F,85
79,C,17,2,1,F,100
79,C,18,2,1,F,100
79,C,19,2,1,F,100
79,C,20,2,1,F,100
79,C,21,2,0,B,79
79,C,22,2,0,B,0
79,C,23,2,1,B,90
79,C,24,2,0,B,0
79,C,25,2,0,B,10
79,C,26,2,0,B,100
79,C,27,2,0,B,100
79,C,28,2,1,B,100
79,C,29,2,1,B,90
79,C,30,2,0,B,90
79,C,31,2,0,B,100
79,C,32,2,1,B,30
79,C,33,2,0,B,50
79,C,34,2,0,B,30
79,C,35,2,0,B,100
79,C,36,2,1,B,100
79,C,37,2,1,B,100
79,C,38,2,1,B,90
79,C,39,2,0,B,95
79,C,40,2,0,B,100
79,C,41,2,0,S,1
79,C,42,2,0,S,90
79,C,43,2,1,S,100
79,C,44,2,1,S,90
79,C,45,2,0,S,70
79,C,46,2,1,S,45
79,C,47,2,1,S,90
79,C,48,2,1,S,100
79,C,49,2,1,S,0
79,C,50,2,1,S,100
79,C,51,2,1,S,90
79,C,52,2,1,S,100
79,C,53,2,0,S,100
79,C,54,2,0,S,0
79,C,55,2,1,S,80
79,C,56,2,1,S,100
79,C,57,2,0,S,0
79,C,58,2,0,S,90
79,C,59,2,1,S,100
79,C,60,2,0,S,0
79,C,61,2,0,U,0
79,C,62,2,0,U,0
79,C,63,2,0,U,0
79,C,64,2,0,U,0
79,C,65,2,0,U,95
79,C,66,2,0,U,0
79,C,67,2,1,U,0
79,C,68,2,0,U,0
79,C,69,2,0,U,0
79,C,70,2,0,U,0
79,C,71,2,0,U,0
79,C,72,2,1,U,100
79,C,73,2,0,U,1
79,C,74,2,0,U,76
79,C,75,2,0,U,0
79,C,76,2,0,U,0
79,C,77,2,1,U,0
79,C,78,2,0,U,50
79,C,79,2,0,U,100
79,C,80,2,0,U,50
87,C,1,2,0,F,9
87,C,2,2,1,F,90
87,C,3,2,0,F,90
87,C,4,2,1,F,90
87,C,5,2,0,F,98
87,C,6,2,0,F,7
87,C,7,2,1,F,90
87,C,8,2,1,F,90
87,C,9,2,0,F,0
87,C,10,2,0,F,90
87,C,11,2,1,F,0
87,C,12,2,0,F,90
87,C,13,2,1,F,90
87,C,14,2,0,F,90
87,C,15,2,0,F,90
87,C,16,2,0,F,90
87,C,17,2,0,F,9
87,C,18,2,1,F,90
87,C,19,2,1,F,90
87,C,20,2,1,F,90
87,C,21,2,0,B,90
87,C,22,2,1,B,90
87,C,23,2,0,B,90
87,C,24,2,0,B,90
87,C,25,2,0,B,8
87,C,26,2,0,B,90
87,C,27,2,0,B,90
87,C,28,2,0,B,90
87,C,29,2,0,B,90
87,C,30,2,0,B,90
87,C,31,2,0,B,90
87,C,32,2,0,B,90
87,C,33,2,1,B,90
87,C,34,2,0,B,9
87,C,35,2,0,B,90
87,C,36,2,0,B,90
87,C,37,2,0,B,90
87,C,38,2,0,B,90
87,C,39,2,0,B,90
87,C,40,2,0,B,8
87,C,41,2,1,S,90
87,C,42,2,0,S,89
87,C,43,2,1,S,90
87,C,44,2,1,S,90
87,C,45,2,0,S,90
87,C,46,2,0,S,90
87,C,47,2,1,S,90
87,C,48,2,0,S,90
87,C,49,2,0,S,9
87,C,50,2,0,S,90
87,C,51,2,0,S,90
87,C,52,2,0,S,90
87,C,53,2,0,S,90
87,C,54,2,0,S,90
87,C,55,2,0,S,90
87,C,56,2,0,S,90
87,C,57,2,0,S,90
87,C,58,2,1,S,90
87,C,59,2,0,S,90
87,C,60,2,0,S,8
87,C,61,2,0,U,9
87,C,62,2,0,U,3
87,C,63,2,0,U,1
87,C,64,2,0,U,8
87,C,65,2,0,U,7
87,C,66,2,0,U,5
87,C,67,2,0,U,8
87,C,68,2,0,U,7
87,C,69,2,0,U,7
87,C,70,2,0,U,6
87,C,71,2,0,U,8
87,C,72,2,1,U,90
87,C,73,2,0,U,9
87,C,74,2,0,U,54
87,C,75,2,0,U,7
87,C,76,2,0,U,9
87,C,77,2,0,U,9
87,C,78,2,0,U,7
87,C,79,2,0,U,7
87,C,80,2,0,U,9
91,C,1,2,0,F,55
91,C,2,2,1,F,100
91,C,3,2,0,F,90
91,C,4,2,1,F,100
91,C,5,2,1,F,55
91,C,6,2,0,F,25
91,C,7,2,0,F,95
91,C,8,2,0,F,100
91,C,9,2,1,F,85
91,C,10,2,0,F,100
91,C,11,2,1,F,75
91,C,12,2,1,F,100
91,C,13,2,0,F,100
91,C,14,2,1,F,100
91,C,15,2,1,F,100
91,C,16,2,1,F,80
91,C,17,2,1,F,100
91,C,18,2,0,F,100
91,C,19,2,0,F,75
91,C,20,2,1,F,100
91,C,21,2,0,B,100
91,C,22,2,0,B,100
91,C,23,2,1,B,100
91,C,24,2,0,B,25
91,C,25,2,0,B,75
91,C,26,2,0,B,45
91,C,27,2,0,B,85
91,C,28,2,0,B,95
91,C,29,2,0,B,75
91,C,30,2,0,B,75
91,C,31,2,0,B,39
91,C,32,2,1,B,65
91,C,33,2,0,B,75
91,C,34,2,0,B,100
91,C,35,2,0,B,65
91,C,36,2,0,B,100
91,C,37,2,0,B,95
91,C,38,2,0,B,85
91,C,39,2,0,B,95
91,C,40,2,0,B,75
91,C,41,2,0,S,100
91,C,42,2,1,S,100
91,C,43,2,0,S,100
91,C,44,2,1,S,85
91,C,45,2,1,S,100
91,C,46,2,0,S,44
91,C,47,2,1,S,55
91,C,48,2,0,S,100
91,C,49,2,0,S,100
91,C,50,2,0,S,100
91,C,51,2,0,S,100
91,C,52,2,0,S,100
91,C,53,2,0,S,100
91,C,54,2,1,S,100
91,C,55,2,0,S,65
91,C,56,2,0,S,100
91,C,57,2,0,S,70
91,C,58,2,1,S,100
91,C,59,2,0,S,65
91,C,60,2,0,S,35
91,C,61,2,0,U,95
91,C,62,2,0,U,45
91,C,63,2,0,U,15
91,C,64,2,0,U,65
91,C,65,2,0,U,55
91,C,66,2,0,U,35
91,C,67,2,0,U,45
91,C,68,2,0,U,65
91,C,69,2,0,U,60
91,C,70,2,0,U,25
91,C,71,2,0,U,74
91,C,72,2,0,U,100
91,C,73,2,0,U,60
91,C,74,2,0,U,76
91,C,75,2,0,U,45
91,C,76,2,0,U,35
91,C,77,2,0,U,49
91,C,78,2,0,U,100
91,C,79,2,0,U,45
91,C,80,2,0,U,30
95,C,1,2,1,F,47
95,C,2,2,1,F,12
95,C,3,2,1,F,65
95,C,4,2,1,F,25
95,C,5,2,1,F,23
95,C,6,2,0,F,27
95,C,7,2,0,F,29
95,C,8,2,1,F,26
95,C,9,2,1,F,22
95,C,10,2,0,F,36
95,C,11,2,0,F,23
95,C,12,2,0,F,36
95,C,13,2,1,F,35
95,C,14,2,1,F,100
95,C,15,2,1,F,39
95,C,16,2,1,F,87
95,C,17,2,1,F,43
95,C,18,2,1,F,50
95,C,19,2,0,F,35
95,C,20,2,1,F,87
95,C,21,2,0,B,23
95,C,22,2,0,B,16
95,C,23,2,1,B,47
95,C,24,2,1,B,35
95,C,25,2,1,B,21
95,C,26,2,1,B,12
95,C,27,2,0,B,36
95,C,28,2,0,B,30
95,C,29,2,0,B,54
95,C,30,2,0,B,48
95,C,31,2,1,B,39
95,C,32,2,0,B,47
95,C,33,2,1,B,28
95,C,34,2,1,B,15
95,C,35,2,0,B,42
95,C,36,2,1,B,36
95,C,37,2,0,B,44
95,C,38,2,0,B,28
95,C,39,2,1,B,34
95,C,40,2,0,B,21
95,C,41,2,1,S,38
95,C,42,2,1,S,87
95,C,43,2,1,S,45
95,C,44,2,1,S,28
95,C,45,2,1,S,26
95,C,46,2,1,S,89
95,C,47,2,0,S,40
95,C,48,2,1,S,87
95,C,49,2,0,S,25
95,C,50,2,1,S,16
95,C,51,2,1,S,38
95,C,52,2,0,S,43
95,C,53,2,0,S,39
95,C,54,2,1,S,52
95,C,55,2,1,S,32
95,C,56,2,1,S,57
95,C,57,2,0,S,36
95,C,58,2,1,S,46
95,C,59,2,1,S,27
95,C,60,2,0,S,28
95,C,61,2,1,U,16
95,C,62,2,0,U,43
95,C,63,2,0,U,26
95,C,64,2,0,U,17
95,C,65,2,0,U,54
95,C,66,2,0,U,47
95,C,67,2,0,U,19
95,C,68,2,0,U,22
95,C,69,2,0,U,17
95,C,70,2,1,U,21
95,C,71,2,0,U,17
95,C,72,2,1,U,10
95,C,73,2,0,U,27
95,C,74,2,0,U,40
95,C,75,2,0,U,15
95,C,76,2,0,U,27
95,C,77,2,0,U,37
95,C,78,2,0,U,38
95,C,79,2,0,U,41
95,C,80,2,1,U,23
99,C,1,2,0,F,50
99,C,2,2,1,F,40
99,C,3,2,1,F,90
99,C,4,2,1,F,65
99,C,5,2,1,F,65
99,C,6,2,1,F,50
99,C,7,2,1,F,70
99,C,8,2,0,F,70
99,C,9,2,1,F,70
99,C,10,2,1,F,45
99,C,11,2,1,F,75
99,C,12,2,1,F,45
99,C,13,2,0,F,80
99,C,14,2,1,F,75
99,C,15,2,1,F,45
99,C,16,2,1,F,100
99,C,17,2,1,F,60
99,C,18,2,1,F,75
99,C,19,2,1,F,85
99,C,20,2,1,F,95
99,C,21,2,0,B,35
99,C,22,2,0,B,10
99,C,23,2,0,B,80
99,C,24,2,0,B,25
99,C,25,2,0,B,1
99,C,26,2,1,B,35
99,C,27,2,1,B,75
99,C,28,2,0,B,45
99,C,29,2,0,B,45
99,C,30,2,0,B,35
99,C,31,2,0,B,75
99,C,32,2,1,B,45
99,C,33,2,0,B,22
99,C,34,2,0,B,10
99,C,35,2,0,B,35
99,C,36,2,1,B,30
99,C,37,2,0,B,60
99,C,38,2,1,B,65
99,C,39,2,1,B,65
99,C,40,2,1,B,65
99,C,41,2,1,S,80
99,C,42,2,1,S,85
99,C,43,2,1,S,60
99,C,44,2,0,S,55
99,C,45,2,1,S,70
99,C,46,2,1,S,70
99,C,47,2,0,S,50
99,C,48,2,0,S,70
99,C,49,2,0,S,35
99,C,50,2,1,S,85
99,C,51,2,1,S,65
99,C,52,2,1,S,85
99,C,53,2,1,S,85
99,C,54,2,1,S,85
99,C,55,2,1,S,65
99,C,56,2,1,S,65
99,C,57,2,0,S,45
99,C,58,2,0,S,100
99,C,59,2,1,S,75
99,C,60,2,0,S,25
99,C,61,2,1,U,10
99,C,62,2,0,U,10
99,C,63,2,0,U,10
99,C,64,2,0,U,10
99,C,65,2,0,U,10
99,C,66,2,0,U,10
99,C,67,2,0,U,10
99,C,68,2,0,U,10
99,C,69,2,1,U,65
99,C,70,2,0,U,10
99,C,71,2,0,U,10
99,C,72,2,1,U,85
99,C,73,2,0,U,10
99,C,74,2,0,U,80
99,C,75,2,0,U,10
99,C,76,2,0,U,20
99,C,77,2,0,U,10
99,C,78,2,0,U,10
99,C,79,2,0,U,10
99,C,80,2,0,U,10
103,C,1,2,0,F,95
103,C,2,2,1,F,90
103,C,3,2,1,F,85
103,C,4,2,1,F,90
103,C,5,2,1,F,50
103,C,6,2,1,F,90
103,C,7,2,1,F,75
103,C,8,2,1,F,100
103,C,9,2,1,F,90
103,C,10,2,1,F,100
103,C,11,2,1,F,50
103,C,12,2,0,F,100
103,C,13,2,1,F,95
103,C,14,2,0,F,100
103,C,15,2,0,F,100
103,C,16,2,1,F,100
103,C,17,2,1,F,100
103,C,18,2,1,F,50
103,C,19,2,1,F,95
103,C,20,2,1,F,85
103,C,21,2,0,B,65
103,C,22,2,1,B,85
103,C,23,2,0,B,100
103,C,24,2,0,B,50
103,C,25,2,0,B,20
103,C,26,2,0,B,90
103,C,27,2,0,B,50
103,C,28,2,1,B,100
103,C,29,2,0,B,65
103,C,30,2,0,B,100
103,C,31,2,0,B,100
103,C,32,2,1,B,30
103,C,33,2,0,B,100
103,C,34,2,0,B,75
103,C,35,2,0,B,50
103,C,36,2,0,B,50
103,C,37,2,1,B,90
103,C,38,2,0,B,90
103,C,39,2,0,B,95
103,C,40,2,1,B,75
103,C,41,2,1,S,100
103,C,42,2,0,S,75
103,C,43,2,1,S,95
103,C,44,2,1,S,100
103,C,45,2,1,S,95
103,C,46,2,1,S,65
103,C,47,2,1,S,90
103,C,48,2,1,S,100
103,C,49,2,1,S,100
103,C,50,2,1,S,100
103,C,51,2,0,S,75
103,C,52,2,0,S,100
103,C,53,2,1,S,65
103,C,54,2,1,S,25
103,C,55,2,1,S,100
103,C,56,2,1,S,100
103,C,57,2,1,S,45
103,C,58,2,0,S,100
103,C,59,2,1,S,100
103,C,60,2,0,S,0
103,C,61,2,0,U,30
103,C,62,2,0,U,0
103,C,63,2,0,U,50
103,C,64,2,0,U,0
103,C,65,2,0,U,0
103,C,66,2,0,U,10
103,C,67,2,0,U,60
103,C,68,2,0,U,0
103,C,69,2,0,U,25
103,C,70,2,0,U,25
103,C,71,2,0,U,0
103,C,72,2,1,U,100
103,C,73,2,1,U,30
103,C,74,2,0,U,66
103,C,75,2,0,U,25
103,C,76,2,0,U,35
103,C,77,2,0,U,40
103,C,78,2,0,U,50
103,C,79,2,0,U,25
103,C,80,2,0,U,0
80,D,1,1,1,F,78
80,D,2,1,1,F,95
80,D,3,1,1,F,100
80,D,4,1,1,F,95
80,D,5,1,1,F,85
80,D,6,1,0,F,67
80,D,7,1,1,F,89
80,D,8,1,1,F,95
80,D,9,1,1,F,95
80,D,10,1,1,F,85
80,D,11,1,1,F,95
80,D,12,1,0,F,65
80,D,13,1,1,F,85
80,D,14,1,1,F,67
80,D,15,1,1,F,95
80,D,16,1,0,F,95
80,D,17,1,0,F,85
80,D,18,1,1,F,99
80,D,19,1,1,F,100
80,D,20,1,1,F,87
80,D,21,1,0,B,85
80,D,22,1,0,B,54
80,D,23,1,0,B,95
80,D,24,1,0,B,78
80,D,25,1,0,B,67
80,D,26,1,0,B,68
80,D,27,1,0,B,85
80,D,28,1,0,B,99
80,D,29,1,0,B,65
80,D,30,1,0,B,98
80,D,31,1,0,B,95
80,D,32,1,0,B,85
80,D,33,1,0,B,78
80,D,34,1,0,B,56
80,D,35,1,0,B,96
80,D,36,1,0,B,56
80,D,37,1,0,B,50
80,D,38,1,1,B,76
80,D,39,1,0,B,56
80,D,40,1,0,S,100
80,D,41,1,1,S,95
80,D,42,1,0,S,86
80,D,43,1,1,S,95
80,D,44,1,1,S,97
80,D,45,1,1,S,67
80,D,46,1,1,S,78
80,D,47,1,1,S,95
80,D,48,1,0,S,99
80,D,49,1,1,S,95
80,D,50,1,1,S,95
80,D,51,1,0,S,98
80,D,52,1,0,S,99
80,D,53,1,0,S,87
80,D,54,1,1,S,75
80,D,55,1,1,S,99
80,D,56,1,1,S,95
80,D,57,1,1,S,100
80,D,58,1,1,S,10
80,D,59,1,0,S,98
80,D,60,1,0,U,70
80,D,61,1,0,U,45
80,D,62,1,0,U,67
80,D,63,1,0,U,67
80,D,64,1,0,U,67
80,D,65,1,0,U,78
80,D,66,1,0,U,79
80,D,67,1,0,U,56
80,D,68,1,0,U,76
80,D,69,1,0,U,50
80,D,70,1,0,U,56
80,D,71,1,0,U,78
80,D,72,1,1,U,100
80,D,73,1,0,U,56
80,D,74,1,0,U,20
80,D,75,1,0,U,67
80,D,76,1,0,U,78
80,D,77,1,0,U,78
80,D,78,1,0,U,67
80,D,79,1,0,U,87
80,D,80,1,0,U,76
84,D,1,1,0,F,59
84,D,2,1,1,F,10
84,D,3,1,0,F,78
84,D,4,1,0,F,6
84,D,5,1,0,F,0
84,D,6,1,0,F,11
84,D,7,1,1,F,90
84,D,8,1,0,F,100
84,D,9,1,1,F,69
84,D,10,1,1,F,100
84,D,11,1,1,F,100
84,D,12,1,1,F,50
84,D,13,1,1,F,99
84,D,14,1,1,F,20
84,D,15,1,1,F,90
84,D,16,1,0,F,79
84,D,17,1,1,F,42
84,D,18,1,0,F,90
84,D,19,1,1,F,48
84,D,20,1,0,F,90
84,D,21,1,0,B,100
84,D,22,1,0,B,78
84,D,23,1,1,B,6
84,D,24,1,0,B,23
84,D,25,1,0,B,100
84,D,26,1,1,B,89
84,D,27,1,0,B,65
84,D,28,1,0,B,100
84,D,29,1,0,B,80
84,D,30,1,0,B,100
84,D,31,1,0,B,100
84,D,32,1,0,B,55
84,D,33,1,0,B,95
84,D,34,1,0,B,70
84,D,35,1,0,B,100
84,D,36,1,0,B,25
84,D,37,1,0,B,45
84,D,38,1,0,B,9
84,D,39,1,0,B,100
84,D,40,1,0,S,90
84,D,41,1,0,S,79
84,D,42,1,0,S,37
84,D,43,1,0,S,100
84,D,44,1,0,S,45
84,D,45,1,0,S,0
84,D,46,1,0,S,10
84,D,47,1,0,S,87
84,D,48,1,1,S,100
84,D,49,1,1,S,100
84,D,50,1,0,S,44
84,D,51,1,1,S,100
84,D,52,1,1,S,100
84,D,53,1,0,S,100
84,D,54,1,0,S,5
84,D,55,1,0,S,89
84,D,56,1,1,S,90
84,D,57,1,0,S,80
84,D,58,1,1,S,69
84,D,59,1,0,S,39
84,D,60,1,0,U,67
84,D,61,1,0,U,45
84,D,62,1,0,U,49
84,D,63,1,0,U,10
84,D,64,1,0,U,65
84,D,65,1,0,U,33
84,D,66,1,0,U,10
84,D,67,1,0,U,100
84,D,68,1,0,U,90
84,D,69,1,0,U,89
84,D,70,1,0,U,30
84,D,71,1,0,U,10
84,D,72,1,1,U,100
84,D,73,1,0,U,100
84,D,74,1,0,U,0
84,D,75,1,0,U,66
84,D,76,1,1,U,9
84,D,77,1,0,U,5
84,D,78,1,0,U,100
84,D,79,1,0,U,100
84,D,80,1,0,U,60
88,D,1,1,1,F,100
88,D,2,1,1,F,100
88,D,3,1,0,F,100
88,D,4,1,0,F,82
88,D,5,1,0,F,86
88,D,6,1,0,F,70
88,D,7,1,0,F,96
88,D,8,1,0,F,100
88,D,9,1,1,F,97
88,D,10,1,1,F,89
88,D,11,1,1,F,90
88,D,12,1,1,F,100
88,D,13,1,1,F,93
88,D,14,1,0,F,89
88,D,15,1,1,F,77
88,D,16,1,0,F,86
88,D,17,1,1,F,100
88,D,18,1,1,F,100
88,D,19,1,1,F,100
88,D,20,1,0,F,100
88,D,21,1,0,B,82
88,D,22,1,0,B,88
88,D,23,1,0,B,100
88,D,24,1,0,B,69
88,D,25,1,0,B,12
88,D,26,1,0,B,100
88,D,27,1,0,B,83
88,D,28,1,0,B,100
88,D,29,1,0,B,100
88,D,30,1,0,B,95
88,D,31,1,0,B,100
88,D,32,1,0,B,93
88,D,33,1,0,B,93
88,D,34,1,0,B,72
88,D,35,1,0,B,100
88,D,36,1,0,B,35
88,D,37,1,0,B,56
88,D,38,1,0,B,14
88,D,39,1,0,B,73
88,D,40,1,0,S,100
88,D,41,1,1,S,70
88,D,42,1,1,S,100
88,D,43,1,0,S,69
88,D,44,1,0,S,91
88,D,45,1,0,S,40
88,D,46,1,0,S,88
88,D,47,1,1,S,90
88,D,48,1,1,S,100
88,D,49,1,0,S,100
88,D,50,1,1,S,100
88,D,51,1,1,S,100
88,D,52,1,0,S,100
88,D,53,1,1,S,100
88,D,54,1,0,S,72
88,D,55,1,0,S,97
88,D,56,1,1,S,88
88,D,57,1,0,S,41
88,D,58,1,0,S,70
88,D,59,1,1,S,100
88,D,60,1,0,U,78
88,D,61,1,0,U,74
88,D,62,1,0,U,63
88,D,63,1,0,U,44
88,D,64,1,0,U,43
88,D,65,1,0,U,56
88,D,66,1,0,U,50
88,D,67,1,0,U,73
88,D,68,1,0,U,56
88,D,69,1,0,U,89
88,D,70,1,0,U,66
88,D,71,1,0,U,63
88,D,72,1,0,U,100
88,D,73,1,0,U,65
88,D,74,1,0,U,76
88,D,75,1,0,U,23
88,D,76,1,0,U,94
88,D,77,1,0,U,23
88,D,78,1,1,U,86
88,D,79,1,0,U,23
88,D,80,1,0,U,54
92,D,1,1,1,F,5
92,D,2,1,1,F,59
92,D,3,1,1,F,100
92,D,4,1,1,F,99
92,D,5,1,1,F,67
92,D,6,1,1,F,23
92,D,7,1,1,F,54
92,D,8,1,1,F,100
92,D,9,1,1,F,7
92,D,10,1,1,F,20
92,D,11,1,1,F,55
92,D,12,1,1,F,100
92,D,13,1,1,F,100
92,D,14,1,1,F,100
92,D,15,1,1,F,6
92,D,16,1,1,F,100
92,D,17,1,1,F,99
92,D,18,1,0,F,50
92,D,19,1,1,F,100
92,D,20,1,1,F,96
92,D,21,1,1,B,99
92,D,22,1,0,B,45
92,D,23,1,1,B,20
92,D,24,1,1,B,75
92,D,25,1,0,B,98
92,D,26,1,1,B,43
92,D,27,1,1,B,9
92,D,28,1,0,B,100
92,D,29,1,1,B,34
92,D,30,1,0,B,99
92,D,31,1,1,B,25
92,D,32,1,1,B,86
92,D,33,1,1,B,100
92,D,34,1,1,B,80
92,D,35,1,0,B,0
92,D,36,1,1,B,100
92,D,37,1,1,B,1
92,D,38,1,0,B,100
92,D,39,1,1,B,45
92,D,40,1,0,S,100
92,D,41,1,1,S,60
92,D,42,1,1,S,0
92,D,43,1,1,S,99
92,D,44,1,1,S,100
92,D,45,1,1,S,59
92,D,46,1,1,S,10
92,D,47,1,1,S,42
92,D,48,1,1,S,100
92,D,49,1,1,S,65
92,D,50,1,1,S,32
92,D,51,1,1,S,99
92,D,52,1,1,S,100
92,D,53,1,1,S,87
92,D,54,1,1,S,98
92,D,55,1,1,S,95
92,D,56,1,0,S,0
92,D,57,1,1,S,100
92,D,58,1,0,S,100
92,D,59,1,1,S,99
92,D,60,1,1,U,5
92,D,61,1,1,U,15
92,D,62,1,0,U,0
92,D,63,1,1,U,17
92,D,64,1,0,U,34
92,D,65,1,0,U,0
92,D,66,1,0,U,34
92,D,67,1,1,U,100
92,D,68,1,1,U,21
92,D,69,1,0,U,35
92,D,70,1,0,U,10
92,D,71,1,0,U,3
92,D,72,1,0,U,100
92,D,73,1,1,U,12
92,D,74,1,0,U,100
92,D,75,1,1,U,100
92,D,76,1,0,U,30
92,D,77,1,0,U,0
92,D,78,1,1,U,2
92,D,79,1,0,U,46
92,D,80,1,0,U,17
96,D,1,1,1,F,60
96,D,2,1,1,F,60
96,D,3,1,1,F,40
96,D,4,1,1,F,75
96,D,5,1,0,F,80
96,D,6,1,0,F,30
96,D,7,1,1,F,60
96,D,8,1,1,F,70
96,D,9,1,1,F,70
96,D,10,1,1,F,60
96,D,11,1,0,F,80
96,D,12,1,0,F,70
96,D,13,1,1,F,75
96,D,14,1,1,F,60
96,D,15,1,1,F,60
96,D,16,1,1,F,60
96,D,17,1,1,F,50
96,D,18,1,0,F,70
96,D,19,1,0,F,60
96,D,20,1,1,F,60
96,D,21,1,0,B,70
96,D,22,1,0,B,30
96,D,23,1,0,B,60
96,D,24,1,0,B,30
96,D,25,1,0,B,20
96,D,26,1,0,B,80
96,D,27,1,1,B,60
96,D,28,1,1,B,60
96,D,29,1,0,B,80
96,D,30,1,0,B,70
96,D,31,1,0,B,80
96,D,32,1,0,B,50
96,D,33,1,0,B,60
96,D,34,1,0,B,60
96,D,35,1,0,B,50
96,D,36,1,0,B,60
96,D,37,1,0,B,40
96,D,38,1,0,B,40
96,D,39,1,1,B,60
96,D,40,1,1,S,80
96,D,41,1,0,S,76
96,D,42,1,0,S,80
96,D,43,1,0,S,20
96,D,44,1,0,S,60
96,D,45,1,1,S,50
96,D,46,1,1,S,50
96,D,47,1,1,S,70
96,D,48,1,1,S,80
96,D,49,1,0,S,70
96,D,50,1,1,S,80
96,D,51,1,0,S,90
96,D,52,1,1,S,50
96,D,53,1,0,S,80
96,D,54,1,0,S,20
96,D,55,1,0,S,50
96,D,56,1,1,S,80
96,D,57,1,0,S,30
96,D,58,1,0,S,76
96,D,59,1,0,S,60
96,D,60,1,0,U,30
96,D,61,1,0,U,50
96,D,62,1,0,U,30
96,D,63,1,0,U,30
96,D,64,1,0,U,70
96,D,65,1,0,U,35
96,D,66,1,0,U,20
96,D,67,1,0,U,30
96,D,68,1,0,U,20
96,D,69,1,0,U,30
96,D,70,1,0,U,40
96,D,71,1,0,U,30
96,D,72,1,1,U,70
96,D,73,1,0,U,35
96,D,74,1,0,U,0
96,D,75,1,0,U,50
96,D,76,1,0,U,40
96,D,77,1,0,U,40
96,D,78,1,0,U,20
96,D,79,1,0,U,55
96,D,80,1,0,U,30
104,D,1,1,0,F,20
104,D,2,1,1,F,90
104,D,3,1,1,F,60
104,D,4,1,1,F,18
104,D,5,1,1,F,30
104,D,6,1,1,F,40
104,D,7,1,0,F,100
104,D,8,1,1,F,100
104,D,9,1,1,F,100
104,D,10,1,1,F,100
104,D,11,1,1,F,100
104,D,12,1,1,F,100
104,D,13,1,1,F,100
104,D,14,1,1,F,49
104,D,15,1,1,F,80
104,D,16,1,1,F,100
104,D,17,1,1,F,50
104,D,18,1,0,F,100
104,D,19,1,1,F,100
104,D,20,1,1,F,15
104,D,21,1,0,B,10
104,D,22,1,0,B,10
104,D,23,1,0,B,40
104,D,24,1,0,B,60
104,D,25,1,1,B,100
104,D,26,1,0,B,20
104,D,27,1,0,B,10
104,D,28,1,0,B,75
104,D,29,1,0,B,60
104,D,30,1,0,B,100
104,D,31,1,0,B,30
104,D,32,1,1,B,100
104,D,33,1,1,B,0
104,D,34,1,0,B,20
104,D,35,1,0,B,10
104,D,36,1,1,B,50
104,D,37,1,1,B,100
104,D,38,1,1,B,23
104,D,39,1,1,B,100
104,D,40,1,1,S,100
104,D,41,1,0,S,75
104,D,42,1,0,S,100
104,D,43,1,1,S,80
104,D,44,1,1,S,100
104,D,45,1,1,S,75
104,D,46,1,1,S,15
104,D,47,1,0,S,100
104,D,48,1,0,S,100
104,D,49,1,1,S,15
104,D,50,1,0,S,10
104,D,51,1,1,S,100
104,D,52,1,1,S,100
104,D,53,1,0,S,75
104,D,54,1,0,S,10
104,D,55,1,1,S,60
104,D,56,1,1,S,100
104,D,57,1,0,S,15
104,D,58,1,0,S,100
104,D,59,1,0,S,100
104,D,60,1,0,U,10
104,D,61,1,0,U,10
104,D,62,1,0,U,10
104,D,63,1,0,U,10
104,D,64,1,0,U,10
104,D,65,1,0,U,10
104,D,66,1,0,U,20
104,D,67,1,1,U,10
104,D,68,1,0,U,10
104,D,69,1,0,U,10
104,D,70,1,0,U,0
104,D,71,1,0,U,10
104,D,72,1,1,U,100
104,D,73,1,0,U,20
104,D,74,1,0,U,65
104,D,75,1,0,U,10
104,D,76,1,0,U,30
104,D,77,1,0,U,10
104,D,78,1,0,U,10
104,D,79,1,0,U,50
104,D,80,1,0,U,30
108,D,1,1,1,F,100
108,D,2,1,1,F,75
108,D,3,1,1,F,100
108,D,4,1,0,F,100
108,D,5,1,1,F,75
108,D,6,1,0,F,50
108,D,7,1,0,F,50
108,D,8,1,1,F,100
108,D,9,1,1,F,100
108,D,10,1,1,F,75
108,D,11,1,1,F,100
108,D,12,1,1,F,75
108,D,13,1,1,F,75
108,D,14,1,1,F,75
108,D,15,1,0,F,100
108,D,16,1,1,F,100
108,D,17,1,1,F,100
108,D,18,1,0,F,100
108,D,19,1,0,F,100
108,D,20,1,1,F,75
108,D,21,1,1,B,85
108,D,22,1,0,B,75
108,D,23,1,0,B,75
108,D,24,1,0,B,1
108,D,25,1,0,B,50
108,D,26,1,1,B,50
108,D,27,1,0,B,75
108,D,28,1,1,B,75
108,D,29,1,1,B,100
108,D,30,1,0,B,75
108,D,31,1,0,B,100
108,D,32,1,1,B,100
108,D,33,1,0,B,100
108,D,34,1,0,B,75
108,D,35,1,0,B,75
108,D,36,1,0,B,50
108,D,37,1,0,B,50
108,D,38,1,0,B,100
108,D,39,1,0,B,75
108,D,40,1,0,S,100
108,D,41,1,0,S,100
108,D,42,1,0,S,75
108,D,43,1,0,S,40
108,D,44,1,1,S,75
108,D,45,1,0,S,100
108,D,46,1,1,S,75
108,D,47,1,1,S,75
108,D,48,1,1,S,75
108,D,49,1,1,S,75
108,D,50,1,1,S,85
108,D,51,1,0,S,100
108,D,52,1,1,S,50
108,D,53,1,1,S,100
108,D,54,1,1,S,50
108,D,55,1,0,S,100
108,D,56,1,1,S,75
108,D,57,1,0,S,1
108,D,58,1,0,S,100
108,D,59,1,0,S,100
108,D,60,1,0,U,1
108,D,61,1,0,U,50
108,D,62,1,0,U,40
108,D,63,1,0,U,44
108,D,64,1,0,U,1
108,D,65,1,0,U,1
108,D,66,1,0,U,40
108,D,67,1,0,U,1
108,D,68,1,0,U,1
108,D,69,1,0,U,1
108,D,70,1,0,U,1
108,D,71,1,0,U,50
108,D,72,1,1,U,75
108,D,73,1,0,U,30
108,D,74,1,0,U,10
108,D,75,1,0,U,50
108,D,76,1,0,U,50
108,D,77,1,0,U,30
108,D,78,1,1,U,85
108,D,79,1,0,U,1
108,D,80,1,0,U,50
80,D,1,2,0,F,55
80,D,2,2,1,F,50
80,D,3,2,0,F,56
80,D,4,2,0,F,56
80,D,5,2,1,F,67
80,D,6,2,0,F,67
80,D,7,2,0,F,67
80,D,8,2,0,F,76
80,D,9,2,1,F,67
80,D,10,2,0,F,56
80,D,11,2,0,F,67
80,D,12,2,1,F,67
80,D,13,2,0,F,56
80,D,14,2,0,F,78
80,D,15,2,0,F,67
80,D,16,2,1,F,67
80,D,17,2,1,F,56
80,D,18,2,1,F,57
80,D,19,2,1,F,56
80,D,20,2,0,F,56
80,D,21,2,0,B,56
80,D,22,2,0,B,56
80,D,23,2,0,B,56
80,D,24,2,0,B,67
80,D,25,2,0,B,67
80,D,26,2,0,B,67
80,D,27,2,0,B,56
80,D,28,2,0,B,56
80,D,29,2,1,B,67
80,D,30,2,0,B,56
80,D,31,2,1,B,56
80,D,32,2,0,B,56
80,D,33,2,0,B,56
80,D,34,2,0,B,67
80,D,35,2,0,B,56
80,D,36,2,1,B,67
80,D,37,2,0,B,67
80,D,38,2,0,B,67
80,D,39,2,1,B,78
80,D,40,2,0,S,55
80,D,41,2,0,S,45
80,D,42,2,1,S,30
80,D,43,2,0,S,67
80,D,44,2,0,S,78
80,D,45,2,0,S,78
80,D,46,2,0,S,67
80,D,47,2,0,S,55
80,D,48,2,1,S,67
80,D,49,2,0,S,67
80,D,50,2,0,S,56
80,D,51,2,1,S,56
80,D,52,2,0,S,66
80,D,53,2,0,S,67
80,D,54,2,0,S,67
80,D,55,2,0,S,67
80,D,56,2,1,S,56
80,D,57,2,0,S,56
80,D,58,2,1,S,67
80,D,59,2,0,S,67
80,D,60,2,1,U,56
80,D,61,2,0,U,67
80,D,62,2,0,U,56
80,D,63,2,0,U,67
80,D,64,2,0,U,56
80,D,65,2,0,U,56
80,D,66,2,0,U,67
80,D,67,2,0,U,67
80,D,68,2,0,U,56
80,D,69,2,0,U,50
80,D,70,2,0,U,67
80,D,71,2,0,U,67
80,D,72,2,0,U,56
80,D,73,2,0,U,67
80,D,74,2,0,U,50
80,D,75,2,0,U,67
80,D,76,2,0,U,50
80,D,77,2,0,U,0
80,D,78,2,0,U,55
80,D,79,2,0,U,67
80,D,80,2,0,U,56
84,D,1,2,1,F,64
84,D,2,2,1,F,10
84,D,3,2,1,F,5
84,D,4,2,0,F,0
84,D,5,2,1,F,100
84,D,6,2,0,F,10
84,D,7,2,0,F,100
84,D,8,2,1,F,89
84,D,9,2,1,F,0
84,D,10,2,1,F,100
84,D,11,2,1,F,86
84,D,12,2,1,F,0
84,D,13,2,1,F,97
84,D,14,2,0,F,100
84,D,15,2,0,F,100
84,D,16,2,0,F,100
84,D,17,2,1,F,100
84,D,18,2,1,F,64
84,D,19,2,1,F,100
84,D,20,2,1,F,100
84,D,21,2,0,B,0
84,D,22,2,1,B,100
84,D,23,2,0,B,100
84,D,24,2,0,B,100
84,D,25,2,0,B,100
84,D,26,2,0,B,3
84,D,27,2,0,B,4
84,D,28,2,0,B,1
84,D,29,2,1,B,100
84,D,30,2,0,B,90
84,D,31,2,0,B,100
84,D,32,2,0,B,64
84,D,33,2,0,B,0
84,D,34,2,0,B,75
84,D,35,2,0,B,100
84,D,36,2,1,B,0
84,D,37,2,1,B,100
84,D,38,2,0,B,1
84,D,39,2,1,B,100
84,D,40,2,0,S,0
84,D,41,2,0,S,100
84,D,42,2,0,S,100
84,D,43,2,0,S,100
84,D,44,2,0,S,100
84,D,45,2,0,S,100
84,D,46,2,1,S,100
84,D,47,2,0,S,90
84,D,48,2,1,S,90
84,D,49,2,1,S,86
84,D,50,2,1,S,1
84,D,51,2,1,S,100
84,D,52,2,1,S,100
84,D,53,2,0,S,100
84,D,54,2,0,S,100
84,D,55,2,0,S,100
84,D,56,2,1,S,100
84,D,57,2,1,S,80
84,D,58,2,0,S,100
84,D,59,2,0,S,1
84,D,60,2,1,U,100
84,D,61,2,0,U,97
84,D,62,2,0,U,50
84,D,63,2,0,U,1
84,D,64,2,0,U,3
84,D,65,2,0,U,65
84,D,66,2,0,U,10
84,D,67,2,0,U,1
84,D,68,2,0,U,1
84,D,69,2,0,U,0
84,D,70,2,0,U,53
84,D,71,2,0,U,20
84,D,72,2,0,U,1
84,D,73,2,1,U,67
84,D,74,2,0,U,76
84,D,75,2,0,U,43
84,D,76,2,0,U,6
84,D,77,2,0,U,1
84,D,78,2,0,U,1
84,D,79,2,0,U,100
84,D,80,2,0,U,1
88,D,1,2,1,F,100
88,D,2,2,1,F,100
88,D,3,2,1,F,100
88,D,4,2,0,F,12
88,D,5,2,1,F,100
88,D,6,2,1,F,100
88,D,7,2,0,F,35
88,D,8,2,0,F,90
88,D,9,2,0,F,100
88,D,10,2,1,F,98
88,D,11,2,0,F,86
88,D,12,2,1,F,90
88,D,13,2,0,F,55
88,D,14,2,0,F,100
88,D,15,2,0,F,12
88,D,16,2,0,F,100
88,D,17,2,0,F,55
88,D,18,2,1,F,36
88,D,19,2,1,F,90
88,D,20,2,0,F,36
88,D,21,2,0,B,1
88,D,22,2,0,B,100
88,D,23,2,0,B,100
88,D,24,2,0,B,100
88,D,25,2,0,B,20
88,D,26,2,0,B,89
88,D,27,2,1,B,100
88,D,28,2,0,B,100
88,D,29,2,0,B,10
88,D,30,2,0,B,36
88,D,31,2,0,B,82
88,D,32,2,0,B,96
88,D,33,2,0,B,20
88,D,34,2,0,B,70
88,D,35,2,0,B,55
88,D,36,2,0,B,79
88,D,37,2,0,B,100
88,D,38,2,0,B,13
88,D,39,2,0,B,100
88,D,40,2,0,S,44
88,D,41,2,0,S,100
88,D,42,2,1,S,85
88,D,43,2,0,S,36
88,D,44,2,0,S,55
88,D,45,2,0,S,100
88,D,46,2,0,S,56
88,D,47,2,1,S,100
88,D,48,2,1,S,100
88,D,49,2,1,S,100
88,D,50,2,0,S,94
88,D,51,2,1,S,100
88,D,52,2,0,S,30
88,D,53,2,1,S,100
88,D,54,2,0,S,16
88,D,55,2,0,S,100
88,D,56,2,1,S,100
88,D,57,2,1,S,100
88,D,58,2,1,S,100
88,D,59,2,0,S,44
88,D,60,2,1,U,86
88,D,61,2,0,U,2
88,D,62,2,0,U,25
88,D,63,2,0,U,63
88,D,64,2,0,U,25
88,D,65,2,0,U,22
88,D,66,2,0,U,19
88,D,67,2,0,U,45
88,D,68,2,0,U,47
88,D,69,2,0,U,1
88,D,70,2,0,U,61
88,D,71,2,0,U,25
88,D,72,2,0,U,32
88,D,73,2,0,U,40
88,D,74,2,0,U,36
88,D,75,2,0,U,25
88,D,76,2,0,U,50
88,D,77,2,0,U,43
88,D,78,2,0,U,13
88,D,79,2,0,U,23
88,D,80,2,0,U,41
92,D,1,2,1,F,100
92,D,2,2,1,F,57
92,D,3,2,1,F,30
92,D,4,2,1,F,97
92,D,5,2,0,F,55
92,D,6,2,0,F,96
92,D,7,2,0,F,59
92,D,8,2,1,F,78
92,D,9,2,1,F,100
92,D,10,2,0,F,52
92,D,11,2,1,F,1
92,D,12,2,1,F,99
92,D,13,2,1,F,89
92,D,14,2,0,F,2
92,D,15,2,1,F,100
92,D,16,2,1,F,49
92,D,17,2,1,F,89
92,D,18,2,1,F,89
92,D,19,2,1,F,89
92,D,20,2,0,F,9
92,D,21,2,0,B,92
92,D,22,2,1,B,48
92,D,23,2,0,B,100
92,D,24,2,1,B,100
92,D,25,2,1,B,7
92,D,26,2,0,B,81
92,D,27,2,0,B,13
92,D,28,2,0,B,99
92,D,29,2,1,B,78
92,D,30,2,0,B,43
92,D,31,2,0,B,87
92,D,32,2,0,B,9
92,D,33,2,0,B,95
92,D,34,2,0,B,41
92,D,35,2,0,B,99
92,D,36,2,1,B,68
92,D,37,2,0,B,72
92,D,38,2,1,B,13
92,D,39,2,0,B,34
92,D,40,2,0,S,100
92,D,41,2,1,S,100
92,D,42,2,0,S,85
92,D,43,2,0,S,72
92,D,44,2,0,S,99
92,D,45,2,0,S,100
92,D,46,2,0,S,99
92,D,47,2,1,S,75
92,D,48,2,1,S,100
92,D,49,2,1,S,3
92,D,50,2,1,S,55
92,D,51,2,1,S,98
92,D,52,2,1,S,79
92,D,53,2,1,S,98
92,D,54,2,1,S,34
92,D,55,2,1,S,87
92,D,56,2,1,S,43
92,D,57,2,1,S,100
92,D,58,2,1,S,100
92,D,59,2,0,S,0
92,D,60,2,1,U,91
92,D,61,2,0,U,52
92,D,62,2,0,U,11
92,D,63,2,1,U,79
92,D,64,2,1,U,99
92,D,65,2,0,U,78
92,D,66,2,0,U,23
92,D,67,2,0,U,58
92,D,68,2,0,U,32
92,D,69,2,1,U,13
92,D,70,2,0,U,55
92,D,71,2,0,U,23
92,D,72,2,1,U,92
92,D,73,2,0,U,4
92,D,74,2,1,U,54
92,D,75,2,0,U,10
92,D,76,2,0,U,22
92,D,77,2,0,U,89
92,D,78,2,0,U,2
92,D,79,2,0,U,42
92,D,80,2,1,U,2
96,D,1,2,0,F,30
96,D,2,2,1,F,80
96,D,3,2,1,F,70
96,D,4,2,0,F,30
96,D,5,2,1,F,70
96,D,6,2,0,F,80
96,D,7,2,1,F,30
96,D,8,2,1,F,80
96,D,9,2,1,F,60
96,D,10,2,0,F,50
96,D,11,2,0,F,40
96,D,12,2,1,F,80
96,D,13,2,0,F,70
96,D,14,2,1,F,50
96,D,15,2,0,F,20
96,D,16,2,0,F,70
96,D,17,2,0,F,20
96,D,18,2,1,F,70
96,D,19,2,1,F,50
96,D,20,2,1,F,60
96,D,21,2,0,B,20
96,D,22,2,1,B,70
96,D,23,2,0,B,70
96,D,24,2,0,B,30
96,D,25,2,0,B,40
96,D,26,2,0,B,30
96,D,27,2,0,B,30
96,D,28,2,0,B,30
96,D,29,2,0,B,80
96,D,30,2,0,B,30
96,D,31,2,0,B,70
96,D,32,2,0,B,40
96,D,33,2,0,B,30
96,D,34,2,1,B,30
96,D,35,2,1,B,70
96,D,36,2,0,B,30
96,D,37,2,1,B,80
96,D,38,2,0,B,30
96,D,39,2,0,B,40
96,D,40,2,0,S,20
96,D,41,2,1,S,70
96,D,42,2,1,S,70
96,D,43,2,1,S,70
96,D,44,2,0,S,40
96,D,45,2,1,S,70
96,D,46,2,0,S,40
96,D,47,2,1,S,60
96,D,48,2,1,S,60
96,D,49,2,1,S,50
96,D,50,2,1,S,55
96,D,51,2,1,S,80
96,D,52,2,1,S,50
96,D,53,2,0,S,70
96,D,54,2,0,S,70
96,D,55,2,1,S,70
96,D,56,2,1,S,70
96,D,57,2,0,S,60
96,D,58,2,1,S,50
96,D,59,2,0,S,0
96,D,60,2,1,U,70
96,D,61,2,0,U,30
96,D,62,2,0,U,20
96,D,63,2,0,U,70
96,D,64,2,0,U,50
96,D,65,2,0,U,40
96,D,66,2,0,U,50
96,D,67,2,0,U,30
96,D,68,2,0,U,30
96,D,69,2,0,U,20
96,D,70,2,0,U,0
96,D,71,2,0,U,50
96,D,72,2,0,U,40
96,D,73,2,0,U,30
96,D,74,2,0,U,20
96,D,75,2,0,U,40
96,D,76,2,0,U,30
96,D,77,2,0,U,3
96,D,78,2,0,U,10
96,D,79,2,0,U,75
96,D,80,2,0,U,30
104,D,1,2,1,F,35
104,D,2,2,1,F,15
104,D,3,2,1,F,15
104,D,4,2,1,F,0
104,D,5,2,0,F,25
104,D,6,2,0,F,50
104,D,7,2,0,F,25
104,D,8,2,0,F,50
104,D,9,2,1,F,10
104,D,10,2,0,F,20
104,D,11,2,1,F,10
104,D,12,2,1,F,10
104,D,13,2,1,F,10
104,D,14,2,0,F,15
104,D,15,2,0,F,0
104,D,16,2,0,F,15
104,D,17,2,1,F,0
104,D,18,2,1,F,10
104,D,19,2,0,F,25
104,D,20,2,0,F,20
104,D,21,2,0,B,10
104,D,22,2,1,B,15
104,D,23,2,0,B,15
104,D,24,2,0,B,15
104,D,25,2,0,B,35
104,D,26,2,0,B,10
104,D,27,2,0,B,10
104,D,28,2,0,B,10
104,D,29,2,0,B,15
104,D,30,2,0,B,10
104,D,31,2,0,B,35
104,D,32,2,0,B,50
104,D,33,2,0,B,50
104,D,34,2,1,B,25
104,D,35,2,0,B,20
104,D,36,2,1,B,0
104,D,37,2,1,B,14
104,D,38,2,0,B,10
104,D,39,2,1,B,15
104,D,40,2,0,S,0
104,D,41,2,1,S,50
104,D,42,2,0,S,15
104,D,43,2,1,S,10
104,D,44,2,0,S,10
104,D,45,2,0,S,35
104,D,46,2,0,S,10
104,D,47,2,1,S,20
104,D,48,2,1,S,10
104,D,49,2,0,S,15
104,D,50,2,0,S,10
104,D,51,2,1,S,10
104,D,52,2,1,S,15
104,D,53,2,1,S,25
104,D,54,2,0,S,25
104,D,55,2,1,S,50
104,D,56,2,0,S,15
104,D,57,2,1,S,15
104,D,58,2,0,S,10
104,D,59,2,0,S,0
104,D,60,2,0,U,15
104,D,61,2,0,U,0
104,D,62,2,0,U,0
104,D,63,2,0,U,15
104,D,64,2,0,U,0
104,D,65,2,0,U,0
104,D,66,2,0,U,0
104,D,67,2,0,U,45
104,D,68,2,0,U,0
104,D,69,2,0,U,0
104,D,70,2,0,U,10
104,D,71,2,0,U,10
104,D,72,2,0,U,0
104,D,73,2,0,U,15
104,D,74,2,1,U,0
104,D,75,2,0,U,10
104,D,76,2,0,U,0
104,D,77,2,0,U,0
104,D,78,2,0,U,0
104,D,79,2,0,U,0
104,D,80,2,0,U,0
108,D,1,2,0,F,75
108,D,2,2,1,F,100
108,D,3,2,1,F,75
108,D,4,2,0,F,75
108,D,5,2,0,F,85
108,D,6,2,0,F,100
108,D,7,2,1,F,100
108,D,8,2,0,F,75
108,D,9,2,1,F,100
108,D,10,2,0,F,100
108,D,11,2,1,F,50
108,D,12,2,1,F,75
108,D,13,2,0,F,100
108,D,14,2,0,F,75
108,D,15,2,1,F,100
108,D,16,2,0,F,100
108,D,17,2,1,F,75
108,D,18,2,1,F,100
108,D,19,2,1,F,85
108,D,20,2,0,F,85
108,D,21,2,0,B,75
108,D,22,2,0,B,100
108,D,23,2,0,B,85
108,D,24,2,0,B,100
108,D,25,2,0,B,85
108,D,26,2,0,B,75
108,D,27,2,0,B,100
108,D,28,2,0,B,85
108,D,29,2,0,B,75
108,D,30,2,0,B,40
108,D,31,2,0,B,100
108,D,32,2,0,B,100
108,D,33,2,0,B,75
108,D,34,2,1,B,100
108,D,35,2,0,B,85
108,D,36,2,0,B,100
108,D,37,2,1,B,75
108,D,38,2,0,B,100
108,D,39,2,0,B,100
108,D,40,2,0,S,50
108,D,41,2,0,S,75
108,D,42,2,1,S,85
108,D,43,2,0,S,100
108,D,44,2,0,S,75
108,D,45,2,1,S,100
108,D,46,2,1,S,100
108,D,47,2,1,S,85
108,D,48,2,1,S,100
108,D,49,2,0,S,75
108,D,50,2,1,S,100
108,D,51,2,0,S,100
108,D,52,2,0,S,75
108,D,53,2,0,S,100
108,D,54,2,0,S,75
108,D,55,2,0,S,100
108,D,56,2,0,S,100
108,D,57,2,0,S,100
108,D,58,2,1,S,75
108,D,59,2,0,S,27
108,D,60,2,0,U,85
108,D,61,2,0,U,85
108,D,62,2,0,U,75
108,D,63,2,0,U,75
108,D,64,2,0,U,30
108,D,65,2,0,U,30
108,D,66,2,0,U,30
108,D,67,2,0,U,75
108,D,68,2,0,U,75
108,D,69,2,0,U,85
108,D,70,2,0,U,50
108,D,71,2,0,U,30
108,D,72,2,0,U,30
108,D,73,2,0,U,50
108,D,74,2,0,U,40
108,D,75,2,0,U,1
108,D,76,2,0,U,30
108,D,77,2,0,U,30
108,D,78,2,0,U,85
108,D,79,2,0,U,75
108,D,80,2,0,U,85
